,CP23_1,CP23_2,CP23,GOC2a,GOC2b,UC10,UC12,UC13,UC14,UC15,UC1,UC2,UC3_1,UC3_2,UC3,UC4,UC5,UC6,UC7,UC9
OTU_1,473,119,558,19705,15349,364,3335,3351,4668,12319,0,1,0,0,0,0,0,1,1,0
OTU_10,4088,2154,3959,249,300,4331,15839,15707,19907,39324,0,0,0,26,0,4,0,58,0,695
OTU_100,410,291,517,82,0,353,23,374,13,132,0,0,0,0,0,0,0,0,0,0
OTU_1000,0,0,0,9,0,0,0,0,0,0,0,0,0,0,0,0,0,0,0,0
OTU_1001,0,1,0,0,5,0,0,0,0,2,0,0,0,0,0,0,0,0,0,0
OTU_1002,0,0,0,0,0,0,0,0,0,0,0,442,0,0,0,0,0,0,0,0
OTU_1003,0,0,0,208,0,0,0,0,0,0,0,0,0,0,0,0,0,0,0,0
OTU_1004,0,0,0,18,0,0,1,0,0,0,0,0,0,0,0,0,0,0,0,0
OTU_1005,0,0,0,0,0,0,0,23,0,0,0,0,0,0,0,0,0,0,0,0
OTU_1006,26,0,43,0,0,0,0,0,0,0,0,0,0,0,0,0,0,0,0,0
OTU_1007,0,0,0,0,0,0,0,0,0,0,0,11,0,0,0,0,1,0,1,0
OTU_1008,0,0,0,0,0,0,20,0,0,0,0,0,0,0,0,0,0,0,0,0
OTU_1009,0,0,0,0,0,16,0,0,0,0,0,0,0,0,0,0,0,0,0,0
OTU_101,279,69,280,114,358,2,175,112,1586,267,0,0,0,0,0,0,0,0,0,0
OTU_1010,5,0,7,22,8,0,0,0,0,12,0,0,0,0,0,0,0,0,0,0
OTU_1011,0,0,0,0,0,447,0,0,0,0,0,0,0,0,0,0,0,0,0,0
OTU_1012,0,0,0,0,0,0,0,0,143,0,0,0,0,0,0,0,0,0,0,0
OTU_1013,0,0,0,0,0,0,0,0,0,0,0,0,0,0,0,0,0,27,0,0
OTU_1014,0,0,0,54,44,0,8,32,31,65,0,0,0,0,0,0,0,0,0,0
OTU_1015,0,0,0,2,0,0,0,0,27,0,0,0,0,0,0,0,0,0,0,0
OTU_1016,0,0,0,0,0,0,0,0,0,0,0,0,0,0,0,587,0,0,0,0
OTU_1017,0,0,0,0,0,0,0,0,0,0,0,199,0,0,0,0,0,0,0,0
OTU_1018,0,0,0,3,16,0,0,0,11,0,0,0,0,0,0,0,0,0,0,0
OTU_1019,0,0,0,0,0,0,0,0,0,0,0,0,6,0,14,1,17,0,0,0
OTU_102,0,0,2,10,13,0,1,1,5,22,0,0,0,0,0,0,0,0,0,0
OTU_1020,0,0,0,0,6,0,0,0,0,0,0,0,0,0,0,0,0,0,0,0
OTU_1021,0,0,0,18,11,1,4,0,29,3,0,0,0,0,0,0,0,0,0,0
OTU_1022,0,0,0,0,0,0,0,0,0,0,3,0,0,0,0,0,10,0,0,4
OTU_1023,0,0,0,0,0,0,0,1,0,0,0,0,0,0,0,0,0,345,0,0
OTU_1024,0,0,0,0,0,0,0,0,0,0,0,0,0,0,0,0,0,0,317,0
OTU_1025,0,0,0,0,0,0,0,0,0,0,4,0,0,0,0,0,0,0,0,6
OTU_1026,19,0,5,0,0,0,0,2,10,1,0,0,0,0,0,0,0,0,0,0
OTU_1027,0,0,0,0,0,0,0,0,0,0,5,0,0,0,0,0,15,0,0,19
OTU_1028,0,0,0,0,0,0,0,0,0,0,59,0,4,0,21,0,203,0,0,216
OTU_1029,0,0,0,0,0,241,0,0,0,0,0,0,0,0,0,0,0,0,0,0
OTU_103,17,1,9,25,7,145,95,21,50,114,0,0,0,0,0,0,20,39,4,0
OTU_1030,0,0,0,0,0,0,0,0,34,0,0,0,0,0,0,0,0,0,0,0
OTU_1031,0,0,0,0,0,34,0,8,0,0,0,0,0,0,0,0,0,0,0,0
OTU_1032,28,0,13,0,0,0,0,0,0,0,0,0,0,0,0,0,0,0,0,0
OTU_1033,0,0,0,0,0,0,0,0,8,0,0,0,0,0,0,0,0,0,0,0
OTU_1034,0,3,0,29,0,0,0,0,0,0,0,0,0,0,0,0,0,0,0,0
OTU_1035,0,0,0,0,0,0,0,0,0,0,0,0,9,0,25,0,0,0,0,0
OTU_1036,0,0,0,0,0,0,0,0,0,0,0,1,0,0,0,0,12,0,0,0
OTU_1037,43,16,56,0,0,0,0,0,0,0,0,0,0,0,0,0,0,0,0,0
OTU_1038,0,0,0,0,0,0,0,0,0,0,0,0,0,7,0,0,0,0,0,0
OTU_1039,7,1,0,1,6,18,0,0,41,3,0,0,0,1,3,0,0,0,0,13
OTU_104,0,0,1,268,165,0,0,0,0,0,0,0,0,0,0,0,0,0,0,0
OTU_1040,0,0,0,0,0,0,0,0,0,0,0,0,0,0,0,0,0,19,0,0
OTU_1041,0,0,0,0,0,0,0,0,0,0,2,0,0,0,0,0,16,0,0,20
OTU_1042,0,0,0,0,12,0,0,0,0,0,0,0,0,0,0,0,0,0,0,0
OTU_1043,0,0,0,0,0,0,0,0,0,0,9,0,0,0,1,0,5,0,0,13
OTU_1044,0,0,0,0,0,0,0,0,0,0,4,0,0,0,0,0,13,0,0,1
OTU_1045,0,0,0,0,0,0,0,0,0,0,0,7,0,0,0,0,2,0,6,0
OTU_1046,0,0,0,6,6,0,8,0,0,18,0,0,0,0,0,0,0,0,0,0
OTU_1047,0,0,0,0,0,0,0,0,0,0,335,0,0,0,0,0,0,0,0,0
OTU_1048,0,0,0,0,0,0,0,0,0,0,2,0,0,0,0,0,17,0,0,5
OTU_1049,0,0,0,0,0,0,0,0,0,0,0,0,0,0,0,0,7,0,0,2
OTU_105,1,0,0,0,0,0,0,0,4,0,0,0,0,0,0,7216,650,7,12,171
OTU_1050,0,0,0,0,0,0,0,0,0,0,0,0,0,0,0,0,0,21,0,0
OTU_1051,0,0,0,0,0,0,0,10,0,0,0,0,0,0,0,0,0,0,0,0
OTU_1052,0,0,0,0,0,0,0,0,0,0,0,0,20,0,0,0,0,0,0,0
OTU_1053,0,0,0,0,0,0,0,0,0,0,0,0,9,0,12,0,11,0,0,0
OTU_1054,0,0,0,0,0,5,23,0,0,1,0,5,0,0,1,0,3,0,0,0
OTU_1055,0,0,0,8,5,0,0,0,2,1,0,0,0,0,0,0,0,0,0,0
OTU_1056,27,1,18,0,0,59,1,0,3,5,0,0,0,0,0,0,0,0,0,0
OTU_1057,0,0,0,0,0,0,0,0,0,27,0,0,0,0,0,0,0,0,0,0
OTU_1058,1050,1499,1015,0,0,0,1,0,0,0,0,0,0,0,0,0,0,0,0,0
OTU_1059,0,0,0,0,0,0,0,0,0,0,0,0,0,0,0,0,0,283,0,0
OTU_106,883,16,820,5337,327,147,0,567,2249,2,0,0,0,0,0,0,0,0,0,0
OTU_1060,0,0,0,0,0,0,0,0,0,0,3,0,0,0,0,0,14,0,0,0
OTU_1061,0,0,0,0,0,0,0,0,0,0,0,0,0,0,0,0,0,8,0,0
OTU_1062,108,0,79,0,0,0,0,0,0,0,0,0,0,0,0,0,0,0,0,0
OTU_1063,0,0,0,0,0,0,2,0,0,0,0,0,91,0,117,0,0,0,0,0
OTU_1064,0,0,0,0,0,0,0,0,0,0,0,1,0,3,25,0,7,0,0,0
OTU_1065,0,0,0,0,0,0,1,0,0,0,0,876,0,0,0,0,0,0,0,0
OTU_1066,0,0,0,0,0,0,0,0,0,0,0,0,0,102,0,0,0,0,0,0
OTU_1067,7,0,5,0,0,0,0,0,0,0,0,0,0,0,0,0,0,0,0,0
OTU_1068,24,0,22,0,0,0,0,0,0,0,0,0,0,0,0,0,0,0,0,0
OTU_1069,0,0,0,0,0,0,0,0,0,0,0,0,0,0,0,0,0,33,0,0
OTU_107,0,0,1,0,1,301,0,0,0,0,13,212,0,0,109,1152,4297,44,2299,604
OTU_1070,24,0,0,0,0,0,0,0,0,0,0,0,0,0,0,0,0,0,0,0
OTU_1071,0,0,0,0,0,0,0,0,462,0,0,0,0,0,0,0,0,0,0,0
OTU_1072,0,0,0,3,0,0,3,0,0,1,0,0,38,0,1,0,0,0,0,0
OTU_1073,5,1,0,33,0,0,0,0,0,0,0,0,0,0,0,0,0,0,0,0
OTU_1074,0,0,0,0,0,0,0,0,0,0,0,0,0,0,0,0,0,16,0,0
OTU_1075,0,0,0,0,0,0,0,0,0,0,0,0,22,15,54,0,30,0,0,0
OTU_1076,0,0,1,25,51,0,4,16,10,50,0,0,0,0,0,0,0,0,0,0
OTU_1077,0,0,0,0,0,0,0,18,0,0,0,0,0,0,0,0,0,0,0,0
OTU_1078,0,0,0,0,0,0,10,0,0,0,0,0,0,0,0,0,0,0,0,0
OTU_1079,0,0,0,0,0,0,152,0,0,0,0,0,0,0,0,0,0,0,0,0
OTU_108,0,0,0,0,0,68,0,0,0,0,2,0,1,2,7,0,965,0,237,0
OTU_1080,0,0,0,0,0,0,0,0,0,0,0,0,0,0,0,0,0,0,18,0
OTU_1081,0,0,0,0,0,1,0,0,0,0,934,2,59,19,155,1,1169,1,276,13
OTU_1082,0,9,0,18,0,0,0,0,0,0,0,0,0,0,0,0,0,0,0,0
OTU_1083,0,0,0,1,0,0,0,0,0,0,0,0,0,0,0,0,0,2025,0,0
OTU_1084,15,1,30,0,0,0,0,0,0,0,4,4,0,0,0,7,0,0,0,0
OTU_1085,0,0,0,0,0,0,0,0,0,0,0,0,0,0,0,0,2,0,13,0
OTU_1086,0,0,0,146,0,0,0,0,0,0,0,0,0,0,0,0,0,0,0,0
OTU_1087,0,0,0,0,0,0,0,0,0,0,0,0,118,0,234,0,0,0,0,0
OTU_1088,0,0,0,0,0,0,0,0,0,0,0,34,0,0,0,0,0,0,0,0
OTU_1089,0,0,0,0,22,0,0,0,0,0,0,0,0,0,0,0,0,0,0,0
OTU_109,0,0,0,0,0,0,0,0,0,0,0,145,187,243,379,0,0,0,0,0
OTU_1090,0,2,1,307,0,0,0,0,0,0,0,0,0,0,0,0,0,0,0,0
OTU_1091,0,0,0,247,23,0,0,0,0,0,0,0,0,0,0,0,0,0,0,0
OTU_1092,0,0,0,0,0,36,0,0,0,0,223,163,90,11,471,0,32,0,47,0
OTU_1093,0,0,0,0,0,0,0,0,39,0,0,0,0,0,0,0,0,0,0,0
OTU_1094,0,0,0,0,0,0,0,0,0,291,0,0,0,0,0,0,0,0,0,0
OTU_1095,0,0,0,0,0,0,0,0,0,0,0,0,0,0,0,0,5,0,0,0
OTU_1096,0,0,0,2,13,0,0,0,0,0,0,0,0,0,0,0,0,0,0,0
OTU_1097,0,0,0,0,0,0,0,0,0,107,0,0,0,0,0,0,0,0,0,0
OTU_1098,0,0,0,0,0,43,0,0,0,0,0,0,0,0,0,0,0,0,0,0
OTU_1099,0,0,0,0,0,0,22,0,0,0,0,0,0,0,0,0,0,0,0,0
OTU_11,207,75,238,2,1,59,182,62,152,73,0,0,0,0,0,5,0,14,0,0
OTU_110,30,6,39,40,87,710,112,33,225,518,0,0,0,0,0,0,0,0,0,0
OTU_1100,0,5,0,0,0,5,0,0,19,0,1,0,0,0,0,0,0,0,0,0
OTU_1101,0,0,0,0,0,0,0,0,0,0,0,5,0,51,1,0,0,0,0,0
OTU_1102,3,0,0,0,0,0,0,0,0,10,0,0,0,0,0,0,0,0,0,0
OTU_1103,0,0,0,0,0,0,251,0,0,0,0,0,0,0,0,0,0,0,0,0
OTU_1104,0,0,0,0,0,0,0,0,0,0,22,0,0,60,2,8,0,0,0,0
OTU_1105,0,0,0,0,0,0,0,0,0,0,6,3,61,33,189,0,100,0,0,0
OTU_1106,0,0,0,29,20,0,7,1,0,1,0,0,0,0,0,0,0,0,0,0
OTU_1107,0,0,0,0,0,0,0,0,0,0,1,0,0,0,1,0,16,0,0,15
OTU_1108,0,0,4,0,1,34,5,34,9,2,0,0,0,0,0,0,0,0,0,0
OTU_1109,0,0,0,0,0,0,0,0,0,0,0,0,0,0,0,0,61,0,0,0
OTU_111,189,80,200,185,115,0,507,33,684,27,0,0,0,0,0,0,0,0,0,0
OTU_1110,0,0,0,0,0,0,0,0,0,0,0,10,0,0,0,0,3,0,19,0
OTU_1111,0,0,0,0,0,15,0,0,2,5,0,1,0,0,0,0,0,0,0,0
OTU_1112,0,0,12,0,0,0,0,0,0,0,0,0,0,0,0,0,0,0,0,0
OTU_1113,0,0,0,0,0,0,0,0,0,0,0,0,0,0,0,0,9,0,0,0
OTU_1114,0,0,0,0,0,0,0,0,0,0,0,0,0,3,0,2,0,0,21,1
OTU_1115,0,0,0,0,0,0,0,0,0,0,0,0,0,0,0,20,5,1,0,0
OTU_1116,0,0,0,0,0,0,0,0,0,12,0,0,0,0,0,0,0,0,0,0
OTU_1117,0,2,0,15,0,0,0,0,0,6,0,0,0,0,0,0,0,0,0,0
OTU_1118,0,0,0,0,0,0,0,0,0,8,0,0,0,0,0,0,0,0,0,0
OTU_1119,0,4,1,0,0,0,0,0,0,0,0,0,0,0,0,0,0,0,0,0
OTU_112,62,158,63,168,209,925,69,0,1452,663,0,502,255,20,587,0,9,0,2,400
OTU_1120,0,0,0,0,0,0,0,0,0,0,0,0,0,0,0,0,0,32,0,0
OTU_1121,0,0,0,0,0,0,3,7,0,0,0,0,0,0,0,1,0,0,14,0
OTU_1122,0,0,0,9,0,0,0,0,0,2,0,0,0,0,0,0,0,0,0,0
OTU_1123,0,0,0,0,0,0,0,0,0,0,5,0,4,0,0,0,2,0,0,0
OTU_1124,0,2,0,0,0,0,5,0,0,7,0,0,0,0,0,3,13,4,0,0
OTU_1125,0,0,0,0,0,0,0,0,0,11,0,0,0,0,0,0,0,0,0,0
OTU_1126,0,0,0,0,0,0,0,0,0,0,0,0,0,0,0,0,0,0,13,0
OTU_1127,0,0,0,1,0,0,0,31,0,0,0,0,0,0,0,0,0,0,0,0
OTU_1128,0,0,0,0,0,0,0,15,0,0,0,0,0,0,0,0,1,1,0,0
OTU_1129,0,0,0,0,11,0,0,0,0,0,0,0,0,0,0,0,0,0,0,0
OTU_113,0,0,0,0,0,0,0,0,0,0,0,57,0,0,0,0,160,0,47,0
OTU_1130,0,0,0,0,0,0,0,39,0,0,0,0,0,0,0,0,0,0,0,0
OTU_1131,0,1,0,13,0,0,0,0,0,0,0,0,0,0,0,0,0,0,0,0
OTU_1132,0,0,0,0,0,0,0,0,12,11,0,0,0,0,0,0,0,0,0,0
OTU_1133,0,0,0,0,0,0,0,0,0,0,0,0,9,0,7,0,0,0,0,0
OTU_1134,0,0,0,0,0,0,0,0,0,0,0,0,0,0,0,0,0,8,0,0
OTU_1135,0,0,0,0,0,0,0,6,4,11,0,0,0,0,0,0,0,0,0,0
OTU_1136,2,1,8,0,0,0,0,0,2,0,0,0,0,0,0,0,0,0,0,0
OTU_1137,0,0,0,8,0,0,0,0,0,0,0,0,0,0,0,0,0,0,0,0
OTU_1138,0,0,0,0,0,0,0,0,12,0,0,0,0,0,0,0,0,0,0,0
OTU_1139,0,0,0,0,0,0,0,0,0,0,0,0,0,2,8,2,0,4,0,0
OTU_114,9,11,20,36,6,84,34,48,36,72,1,0,0,0,0,0,1,0,3,0
OTU_1140,0,0,0,0,0,0,0,0,0,0,0,0,0,0,0,0,24,0,0,0
OTU_1141,0,0,0,0,0,0,0,0,0,0,0,24,0,0,0,0,0,0,0,0
OTU_1142,0,0,0,0,0,0,0,0,0,0,0,0,0,27,0,0,0,0,0,0
OTU_1143,0,0,0,0,0,0,0,0,0,0,0,0,0,3,0,1,36,0,0,0
OTU_1144,0,0,0,0,0,0,0,0,0,0,6,0,0,0,0,0,0,0,41,0
OTU_1145,0,43,0,0,0,0,5,0,0,0,0,0,0,0,0,0,0,0,0,0
OTU_1146,0,0,0,0,0,0,0,2,0,0,3,2,0,8,0,3,0,1,13,2
OTU_1147,0,0,0,0,0,0,0,0,18,0,0,0,0,0,0,0,0,0,0,0
OTU_1148,0,0,0,0,0,0,0,0,0,0,0,0,0,7,6,6,0,0,0,0
OTU_1149,4,0,0,0,2,0,1,1,0,0,0,0,0,0,4,0,0,0,10,0
OTU_115,0,0,0,0,3,126,0,3,42,0,201,53,733,386,2227,260,2348,312,3790,44
OTU_1150,0,0,0,0,0,0,0,0,0,0,0,0,0,0,1,3,3,0,0,18
OTU_1151,0,0,0,3,4,0,0,10,0,14,0,0,0,0,0,0,0,0,0,0
OTU_1152,0,0,0,0,0,0,0,0,0,0,0,0,0,0,5,12,1,0,0,0
OTU_1153,0,0,0,0,0,0,0,0,0,0,7,40,0,0,0,0,0,0,0,0
OTU_1154,14,2,17,0,0,0,17,0,0,3,0,0,0,0,0,0,0,0,0,0
OTU_1155,0,0,0,0,0,0,0,0,34,0,0,0,0,0,0,0,0,0,0,0
OTU_1156,0,0,0,0,0,0,0,10,0,0,0,0,0,0,0,0,0,0,0,0
OTU_1157,0,0,0,0,35,0,0,0,0,0,0,0,0,0,0,0,0,0,0,0
OTU_1158,0,0,0,0,0,0,0,0,0,0,0,0,0,0,5,3,34,0,54,0
OTU_1159,0,0,0,21,2,0,2,0,1,4,0,0,0,0,0,0,0,0,0,0
OTU_116,9506,2375,9287,67,0,3666,2141,460,6764,2382,0,0,0,0,0,3,0,0,0,0
OTU_1160,4,0,18,0,0,0,0,0,0,0,0,0,0,0,0,0,0,0,0,0
OTU_1161,0,0,0,0,0,11,1,16,11,1,0,0,0,0,0,0,0,0,0,0
OTU_1162,0,0,0,0,0,0,0,0,0,0,0,0,0,11,12,2,0,0,0,0
OTU_1163,0,0,0,0,0,0,0,0,0,0,0,0,14,30,22,0,0,0,4,0
OTU_1164,1,2,3,0,0,9,0,16,3,3,0,0,0,0,0,0,0,0,0,0
OTU_1165,0,4,0,7,0,0,0,0,0,3,0,0,0,0,0,0,0,0,0,0
OTU_1166,18,0,0,0,0,0,0,0,0,0,0,0,0,0,0,0,0,0,0,0
OTU_1167,0,0,0,0,0,0,0,0,0,0,0,16,0,0,0,0,0,11,0,0
OTU_1168,0,9,1,0,0,0,0,0,15,0,0,0,0,0,0,0,0,0,0,0
OTU_1169,8,1,2,0,0,0,5,16,2,0,0,0,0,0,0,0,0,0,0,0
OTU_117,21,7,18,645,507,25,122,130,411,548,0,0,0,0,0,0,0,0,0,0
OTU_1170,0,0,0,0,0,0,0,0,12,0,0,0,0,0,0,0,0,0,0,0
OTU_1171,0,0,0,0,0,0,0,0,0,0,0,0,0,1,12,0,0,0,0,0
OTU_1172,0,0,0,7,1,0,0,0,0,1,0,0,0,0,0,0,0,0,0,0
OTU_1173,0,0,0,0,0,12,0,0,0,0,0,0,0,0,0,0,0,0,0,0
OTU_1174,0,0,0,0,0,0,0,0,0,0,0,0,0,0,0,0,2,0,25,0
OTU_1175,0,0,0,26,0,0,0,0,0,0,0,0,0,0,0,0,0,0,0,0
OTU_1176,0,0,0,0,0,0,0,0,0,0,11,0,13,0,8,0,37,0,0,27
OTU_1177,0,0,0,0,0,0,0,0,0,8,0,0,0,0,0,0,0,0,0,0
OTU_1178,0,0,0,0,0,0,0,0,0,13,0,0,0,0,0,0,0,0,0,0
OTU_1179,0,0,0,0,0,0,0,0,0,0,0,0,0,2,17,0,0,0,0,0
OTU_118,0,1,0,452,6,114,1,54,0,2,0,7,10,11,43,483,29,796,45,0
OTU_1180,0,0,0,0,0,21,5,22,0,1,0,0,0,0,0,0,0,0,0,0
OTU_1181,0,0,0,0,0,0,0,0,0,0,0,0,0,0,0,11,8,0,0,0
OTU_1182,0,1,0,0,0,0,0,0,15,0,0,0,0,0,0,0,0,0,0,0
OTU_1183,0,0,0,0,0,6,0,0,0,0,0,0,0,0,1,10,0,0,0,4
OTU_1184,0,0,0,0,0,0,0,0,0,0,0,0,0,0,0,0,10,0,0,0
OTU_1185,0,0,0,0,0,0,6,16,0,13,0,0,0,2,1,1,0,0,0,0
OTU_1186,0,0,1,0,3,0,0,3,26,2,0,0,0,0,0,0,0,0,0,0
OTU_1187,0,0,0,0,0,2,0,0,0,0,0,4,0,0,0,0,20,2,0,0
OTU_1188,0,1,0,0,0,0,0,0,0,0,0,0,0,0,0,0,0,22,0,1
OTU_1189,0,0,15,0,0,0,0,0,0,0,0,0,0,0,0,0,0,0,0,0
OTU_119,0,0,0,0,0,0,1,0,1,0,4149,2854,225,216,706,4020,397,68,699,0
OTU_1190,2,1,4,1,0,3,0,0,4,0,0,0,0,0,0,0,0,0,16,0
OTU_1191,0,0,0,0,0,0,0,0,0,0,0,0,0,0,0,0,9,4,0,0
OTU_1192,0,0,0,16,0,0,0,0,0,0,0,0,0,0,0,0,0,0,0,0
OTU_1193,0,0,0,0,0,9,0,0,0,0,0,0,0,0,0,0,0,0,0,0
OTU_1194,0,0,0,16,0,0,0,0,0,0,0,0,0,0,0,0,0,0,0,0
OTU_1195,0,0,0,0,0,0,0,5,0,0,0,0,0,0,0,0,0,0,0,0
OTU_1196,0,0,0,0,0,0,0,0,12,0,0,0,0,0,0,0,0,0,0,0
OTU_1197,6,1,0,0,3,1,1,0,0,0,0,0,0,0,0,1,0,0,4,1
OTU_1198,0,0,0,0,0,0,0,0,17,0,0,0,0,0,0,0,0,0,0,0
OTU_1199,0,0,0,0,0,0,0,0,0,0,0,0,0,0,0,0,2,0,8,0
OTU_12,0,0,0,0,0,1,0,5,0,3,1549,553,5608,2396,15230,0,6949,0,52,0
OTU_120,0,0,0,0,0,185,0,0,0,0,0,61,12,0,43,0,238,0,1181,256
OTU_1200,0,0,0,0,0,21,3,2,0,0,0,6,0,0,0,0,0,6,9,0
OTU_1201,0,1,0,12,5,0,0,6,1,3,0,0,0,0,0,0,0,0,0,0
OTU_1202,0,0,0,0,0,0,0,22,0,0,0,0,0,0,0,0,0,0,0,0
OTU_1203,0,0,0,0,16,0,0,0,0,0,0,0,0,0,0,0,0,0,0,0
OTU_1204,0,0,0,0,0,0,0,0,0,0,0,0,0,0,0,0,1,0,0,15
OTU_1205,6,0,2,0,0,0,0,0,0,0,0,0,0,0,0,0,0,0,0,0
OTU_1206,0,0,0,0,0,0,5,0,20,0,0,0,0,0,0,0,0,0,0,0
OTU_1207,0,0,0,0,0,0,0,0,0,0,0,0,0,0,1,0,7,0,0,3
OTU_1208,0,0,0,0,0,30,0,0,0,0,0,0,2,1,20,0,0,0,0,0
OTU_1209,19,0,1,0,0,0,0,0,0,0,0,0,0,0,0,0,0,0,0,0
OTU_121,10,1,27,105,54,0,4,0,436,20,0,0,0,0,0,0,3,0,1,3
OTU_1210,0,0,0,0,0,0,0,0,0,0,0,0,0,0,0,0,16,0,0,0
OTU_1211,0,0,2,2,2,0,18,0,0,1,0,0,0,0,0,0,0,0,0,0
OTU_1212,0,0,0,0,0,0,0,13,0,0,0,0,0,0,0,0,0,0,0,0
OTU_1213,0,0,0,0,0,0,0,0,0,0,0,0,0,0,3,2,0,1,10,0
OTU_1214,0,0,0,11,10,0,0,0,0,0,0,0,0,0,0,0,0,0,0,0
OTU_1215,0,1,0,10,0,0,0,0,0,0,0,0,0,0,0,0,0,0,0,0
OTU_1216,1,6,6,0,0,0,0,0,0,0,0,0,0,0,0,0,0,0,0,0
OTU_1217,0,0,0,0,0,0,0,0,0,0,0,0,0,0,0,0,1,0,11,0
OTU_1218,0,0,0,22,0,0,0,0,0,3,0,0,0,0,0,0,0,0,0,0
OTU_1219,0,0,0,0,1,9,0,0,1,1,1,0,0,0,0,0,0,0,3,0
OTU_122,0,0,0,0,0,14,1,0,0,0,0,24,821,362,1521,11,62,643,865,0
OTU_1220,0,0,0,10,0,0,0,0,0,8,0,0,0,0,0,0,0,0,0,0
OTU_1221,0,0,0,0,0,0,12,0,0,0,0,0,0,0,0,0,0,0,0,0
OTU_1222,0,0,0,0,0,0,1,6,10,1,0,1,0,0,0,0,0,0,0,0
OTU_1223,0,0,0,0,0,0,19,0,0,0,0,0,0,0,0,0,0,0,0,0
OTU_1224,0,0,0,0,0,0,0,0,0,0,0,0,0,0,0,0,21,0,0,0
OTU_1225,0,0,0,5,6,0,0,6,1,19,0,0,0,0,0,0,0,0,0,0
OTU_1226,0,0,0,0,0,0,0,0,0,0,0,0,0,0,0,0,2,1,14,0
OTU_1227,0,0,0,0,0,0,0,0,0,0,0,0,0,0,0,0,0,0,0,7
OTU_1228,0,0,0,0,0,0,0,0,0,0,0,0,1,1,3,4,0,0,1,0
OTU_1229,0,0,0,0,12,0,0,0,0,2,0,0,0,0,0,0,0,0,0,0
OTU_123,8,1,9,0,0,454,0,0,0,13,10,12,38,73,225,38,2,0,49,12
OTU_1230,0,0,0,4,9,0,0,0,0,0,0,0,0,0,0,0,0,0,0,0
OTU_1231,0,0,0,0,0,0,11,5,1,17,0,0,0,0,0,0,0,0,0,0
OTU_1232,0,0,0,0,0,0,0,0,0,0,4,8,13,0,93,0,61,0,0,0
OTU_1233,0,0,0,0,0,0,0,0,0,0,0,1,0,0,0,0,3,0,18,0
OTU_1234,0,0,0,0,0,0,0,0,0,0,0,0,0,15,0,0,0,0,0,0
OTU_1235,0,0,0,0,0,0,0,0,0,0,2,0,0,0,0,0,18,0,0,9
OTU_1236,0,0,0,0,0,0,0,0,0,0,1,0,0,0,1,0,7,0,0,5
OTU_1237,0,0,0,0,0,61,3,0,2,0,0,0,0,0,0,0,0,0,0,0
OTU_1238,0,0,0,0,0,0,0,0,0,0,0,0,0,0,0,0,5,0,0,0
OTU_1239,0,0,0,0,0,17,0,0,23,0,0,0,0,0,0,0,0,0,0,0
OTU_124,0,0,1,423,136,0,0,0,0,0,0,0,0,0,0,0,0,0,0,0
OTU_1240,0,0,0,0,0,0,0,0,0,0,5,0,0,0,3,0,2,0,0,17
OTU_1241,0,0,0,1,0,0,0,0,0,0,0,0,0,0,0,0,0,3946,0,0
OTU_1242,2,1,1,0,0,0,0,1,9,0,1,0,0,0,0,0,0,0,8,1
OTU_1243,0,0,0,0,0,28,0,0,0,0,0,0,4,2,3,0,6,0,0,0
OTU_1244,0,0,0,0,0,0,0,24,0,0,0,0,0,0,0,0,0,0,0,0
OTU_1245,0,0,0,0,0,0,0,0,0,0,1,1,14,0,41,0,16,0,0,0
OTU_1246,13,13,3,0,0,0,0,0,0,0,0,0,0,0,0,0,0,0,0,0
OTU_1247,0,0,3,0,17,0,0,0,8,8,0,0,0,0,0,0,0,0,0,0
OTU_1248,0,0,0,0,0,0,0,0,0,0,37,2,0,0,0,0,0,0,0,0
OTU_1249,0,0,0,2,2,0,0,0,0,1,5,23,0,4,15,0,1,0,0,0
OTU_125,0,0,0,87,78,0,4,53,115,785,0,0,0,0,0,0,0,0,0,0
OTU_1250,0,0,0,0,0,0,0,0,0,0,0,0,0,7,0,0,0,0,0,0
OTU_1251,0,0,0,0,0,0,0,0,0,0,0,33,13,35,38,0,0,0,0,0
OTU_1252,0,0,0,0,32,0,0,0,0,11,0,0,0,0,0,0,0,0,0,0
OTU_1253,0,0,0,0,0,0,0,0,0,0,0,4,0,0,0,0,32,0,0,0
OTU_1254,0,0,0,0,0,0,0,0,0,0,0,0,0,0,0,0,1,0,22,14
OTU_1255,0,0,0,0,0,0,8,0,16,15,0,0,0,0,0,0,0,0,0,0
OTU_1256,0,0,0,16,0,0,0,0,0,0,0,0,0,0,0,0,0,0,0,0
OTU_1257,0,0,0,0,0,63,2,14,0,7,0,0,0,0,0,0,0,0,0,0
OTU_1258,0,0,0,0,0,0,0,0,0,0,0,1,0,0,0,0,17,0,0,0
OTU_1259,0,0,0,17,0,0,1,0,0,8,0,0,0,0,0,0,0,0,0,0
OTU_126,669,355,570,0,0,0,0,0,0,0,0,0,0,0,0,0,0,0,0,1
OTU_1260,0,0,0,0,0,0,0,0,0,0,0,0,0,0,0,0,35,0,0,0
OTU_1261,0,0,0,0,2,0,0,0,0,0,0,0,15,0,0,0,0,0,0,0
OTU_1262,0,0,0,0,0,0,0,0,0,0,0,0,0,7,0,0,0,0,0,0
OTU_1263,0,0,0,0,0,0,0,0,0,0,9,3,0,7,13,0,0,2,2,8
OTU_1264,0,0,0,0,2,0,3,0,17,0,0,0,0,0,0,0,0,1,0,0
OTU_1265,5,0,1,0,0,0,0,0,0,0,0,0,0,0,13,0,0,0,0,0
OTU_1266,0,0,0,0,0,3,0,0,0,0,0,0,0,0,0,0,0,23,2,0
OTU_1267,2,2,10,0,0,0,0,2,0,0,0,0,0,0,0,0,3,0,0,0
OTU_1268,9,0,4,0,0,0,0,0,0,0,0,0,0,0,0,0,0,0,0,0
OTU_1269,0,0,0,18,1,0,0,11,9,1,0,0,0,0,0,0,0,0,0,0
OTU_127,3,11,3,0,13,171,2,16,68,35,0,0,0,0,0,0,0,0,5,0
OTU_1270,0,0,0,0,0,0,0,0,0,0,0,0,0,0,0,0,1,0,0,5
OTU_1271,2,0,1,7,1,19,1,9,2,1,0,0,0,0,2,1,4,4,19,0
OTU_1272,0,0,0,1,1,1,0,2,5,5,0,0,0,0,0,0,1,1,3,2
OTU_1273,0,0,0,424,0,0,0,0,0,0,0,0,0,0,0,0,0,0,0,0
OTU_1274,0,0,0,35,0,26,0,69,11,7,17,131,13,25,49,0,2,0,9,0
OTU_1275,229,0,153,0,0,0,0,0,0,0,0,0,0,0,0,0,0,0,0,0
OTU_1276,3,0,7,0,45,0,0,0,0,0,0,0,0,0,0,0,0,0,0,0
OTU_1277,0,0,0,0,0,0,0,0,0,0,1,0,19,0,0,0,11,0,0,0
OTU_1278,70,9,22,0,0,0,0,0,1,0,0,0,0,0,0,0,0,0,0,0
OTU_1279,4,30,7,19,33,279,23,56,47,9,0,0,0,0,0,0,18,25,848,0
OTU_128,0,0,0,0,0,164,0,1971,0,0,0,0,0,0,0,0,0,0,0,0
OTU_1280,0,0,0,8,15,0,0,0,0,0,0,0,0,0,0,0,0,0,0,0
OTU_1281,0,0,0,0,0,0,0,0,0,0,0,0,0,0,0,0,0,0,16,0
OTU_1282,0,0,0,0,0,1,0,0,0,0,0,0,0,0,0,0,0,6,0,0
OTU_1283,0,1,1,0,0,8,0,0,0,0,0,0,0,0,0,0,0,0,0,154
OTU_1284,5,0,1,0,0,0,1,2,14,0,0,2,0,9,7,0,0,0,10,0
OTU_1285,0,4,0,21,10,51,10,8,25,8,2,4,2,7,14,52,34,0,0,0
OTU_1286,6,3,12,2,2,0,0,0,3,0,0,0,0,0,0,0,0,0,0,0
OTU_1287,0,2,0,9,2,2,0,2,3,0,26,16,0,4,7,0,0,5,18,0
OTU_1288,0,0,0,0,0,0,0,0,0,0,0,0,0,0,0,0,0,202,0,0
OTU_1289,429,58,519,0,1,0,0,0,0,0,0,0,0,0,0,0,0,0,0,0
OTU_129,690,127,554,3057,2190,1393,1891,2441,1473,5572,6249,43615,7504,2117,20963,10012,16985,6376,11114,804
OTU_1290,0,0,0,0,0,4,1,1,0,0,1,5,0,0,1,0,2,0,15,0
OTU_1291,0,38,0,138,4,270,46,60,169,25,20,11,0,25,0,509,168,0,3,1
OTU_1292,0,0,0,0,0,54,0,0,0,0,0,0,0,0,0,0,0,0,0,0
OTU_1293,0,0,0,0,0,2,0,2,6,0,0,3,0,3,5,1,0,0,23,0
OTU_1294,17,10,20,0,0,0,0,0,0,0,0,0,0,0,0,0,0,0,0,0
OTU_1295,0,0,0,0,0,0,0,0,0,0,0,2,0,9,3,2,22,2,30,0
OTU_1296,0,0,0,0,0,0,0,6,0,0,0,0,0,0,0,0,0,0,0,0
OTU_1297,0,0,0,0,0,0,0,0,0,0,0,0,0,0,2,0,18,0,0,0
OTU_1298,0,0,0,0,0,0,0,8,0,0,0,0,0,0,0,0,0,0,0,0
OTU_1299,0,0,0,0,0,0,0,2,0,0,3,3,1,11,12,0,0,0,0,0
OTU_13,0,371,0,2476,1,0,0,0,7,0,0,0,0,0,0,0,0,0,0,0
OTU_130,481,6,511,61,61,0,0,11,172,0,0,0,0,0,0,0,0,0,0,1
OTU_1300,0,0,1,0,0,0,0,0,0,0,0,0,0,0,0,0,0,5,0,0
OTU_1301,0,0,0,0,0,0,0,0,0,47,0,0,0,0,0,0,0,0,0,0
OTU_1302,0,0,0,0,0,12,0,0,0,1,0,0,0,0,0,0,0,0,0,0
OTU_1303,0,0,0,0,41,0,0,0,0,0,0,0,0,0,0,0,0,0,0,0
OTU_1304,0,0,0,0,0,37,4,0,0,0,0,0,0,0,0,0,0,0,0,0
OTU_1305,0,0,0,0,0,2,0,0,0,0,0,0,0,3,1,0,3,1,29,6
OTU_1306,0,0,0,0,0,0,0,0,0,38,0,0,0,0,0,0,0,0,0,0
OTU_1307,1,0,1,0,0,3,3,12,3,1,0,0,0,0,0,0,0,0,0,0
OTU_1308,0,0,0,0,0,0,0,0,31,0,0,0,0,0,0,0,0,0,0,0
OTU_1309,0,0,0,0,0,0,0,0,6,0,0,0,0,0,0,0,0,0,0,0
OTU_131,0,8,1,0,0,97,147,92,76,133,1371,1228,5611,1071,15056,11,7034,83,3093,2147
OTU_1310,0,0,0,0,0,2,0,1,8,2,0,0,0,0,3,0,0,0,0,0
OTU_1311,0,0,5,0,0,6,5,0,13,13,0,0,0,0,0,0,0,0,0,0
OTU_1312,0,0,0,0,0,0,0,0,0,0,0,0,24,1,11,0,0,4,0,0
OTU_1313,0,0,0,0,0,0,0,0,0,0,0,0,30,0,5,0,0,0,0,0
OTU_1314,0,0,0,4,0,0,0,0,37,0,0,0,0,0,0,0,0,0,0,0
OTU_1315,0,1,0,7,0,0,0,0,0,0,0,0,0,0,0,0,0,0,0,0
OTU_1316,0,43,0,0,0,0,3,0,0,0,0,0,0,0,0,0,0,0,0,0
OTU_1317,0,0,0,0,0,29,0,0,0,0,1,0,0,0,1,0,17,0,0,1
OTU_1318,0,0,0,0,0,0,0,0,0,0,0,30,0,1,0,0,0,1,0,0
OTU_1319,9,0,9,3,0,0,0,0,0,0,0,0,0,0,0,0,0,0,0,0
OTU_132,32,25,10,62,99,5,0,3,33,7,1686,425,0,145,78,2,34,6,94,1
OTU_1320,0,0,0,0,0,0,0,0,0,0,0,0,0,0,0,0,46,0,0,0
OTU_1321,0,0,0,20,9,0,0,6,10,2,0,0,0,0,0,0,0,0,0,0
OTU_1322,0,0,0,0,0,0,0,0,0,0,0,0,0,0,0,0,0,0,11,0
OTU_1323,0,0,0,0,0,0,2,0,0,3,0,0,0,0,0,0,0,0,0,11
OTU_1324,0,0,0,0,0,0,0,0,0,0,0,0,0,0,0,0,0,0,17,0
OTU_1325,0,0,0,0,0,0,0,0,0,0,15,0,0,2,5,0,5,0,16,0
OTU_1326,0,0,0,0,0,0,0,31,0,1,0,0,0,0,0,0,0,0,0,0
OTU_1327,0,0,0,0,0,0,0,0,0,0,15,0,0,0,0,0,0,0,0,0
OTU_1328,0,0,0,0,0,9,25,0,0,0,0,0,0,0,0,0,0,0,0,0
OTU_1329,0,0,0,0,0,0,0,11,0,16,0,0,0,0,0,0,0,0,0,0
OTU_133,0,444,0,0,0,0,6,0,0,0,0,0,0,0,0,0,0,0,0,0
OTU_1330,2,7,8,0,0,0,0,0,0,0,0,0,0,0,0,0,0,0,0,0
OTU_1331,0,23,0,0,0,0,0,1,0,5,0,0,0,0,0,0,0,0,0,0
OTU_1332,0,0,0,0,0,0,0,0,0,35,0,0,0,0,0,0,0,0,0,0
OTU_1333,0,0,0,22,0,0,0,0,0,0,0,0,0,0,0,0,0,0,0,0
OTU_1334,1,0,4,9,9,0,0,0,0,0,0,0,0,0,0,0,0,0,0,0
OTU_1335,0,0,0,0,0,0,0,7,9,0,0,0,0,0,0,0,0,0,0,0
OTU_1336,0,0,0,0,0,19,0,0,0,0,0,0,0,0,0,0,0,0,0,0
OTU_1337,0,0,0,0,13,0,0,0,0,0,0,0,0,0,0,0,0,0,0,0
OTU_1338,0,0,0,0,0,0,6,0,0,0,0,0,0,0,0,0,0,0,0,0
OTU_1339,0,0,0,20,0,0,0,0,0,0,0,0,0,0,0,0,0,0,0,0
OTU_134,0,0,0,0,0,3,36,0,1,65,0,771,0,0,0,0,279,294,27,0
OTU_1340,0,0,0,1,11,0,0,0,0,0,0,0,0,0,0,0,0,0,0,0
OTU_1341,0,1,0,0,0,2,0,6,0,0,0,1,0,0,0,0,0,0,0,0
OTU_1342,0,0,0,0,0,0,12,0,3,0,0,0,0,0,0,0,0,0,0,0
OTU_1343,0,0,0,0,23,0,0,0,0,0,0,0,0,0,0,0,0,0,0,0
OTU_1344,0,0,8,0,0,0,0,0,0,20,0,0,0,0,0,0,0,0,0,0
OTU_1345,0,0,0,0,0,0,0,0,0,27,0,0,0,0,0,0,0,0,0,0
OTU_1346,0,0,0,0,0,0,3,20,0,9,0,0,0,0,0,0,0,0,0,0
OTU_1347,0,0,0,0,0,0,0,0,0,0,0,0,18,0,3,0,0,0,0,6
OTU_1348,0,0,0,0,0,0,0,0,0,0,0,0,0,0,24,1,0,0,0,0
OTU_1349,0,0,0,0,0,0,0,4,16,0,0,0,0,0,0,0,0,0,0,0
OTU_135,0,0,0,0,0,0,0,0,0,0,82,4,12,7,50,0,49,0,34,0
OTU_1350,0,0,0,0,0,0,0,0,7,2,0,0,0,0,0,0,0,0,0,0
OTU_1351,0,0,0,0,0,0,0,0,0,0,0,0,0,0,0,0,15,0,0,0
OTU_1352,0,0,0,0,0,0,0,0,0,0,0,0,0,0,0,42,0,0,0,0
OTU_1353,0,0,0,17,0,0,0,0,0,0,0,0,0,0,0,0,0,0,0,0
OTU_1354,0,0,0,19,0,0,0,0,0,0,0,0,0,0,0,0,0,0,0,0
OTU_1355,0,0,0,0,24,0,0,0,0,780,0,0,0,0,0,0,1,0,0,0
OTU_1356,0,0,0,0,0,0,1297,0,0,0,0,0,0,0,0,0,0,0,0,0
OTU_1357,0,0,0,0,0,0,0,0,0,0,0,0,177,55,514,0,0,0,0,0
OTU_1358,0,0,0,0,0,0,0,0,1119,0,0,0,0,0,0,0,0,0,0,0
OTU_1359,0,14,0,1,973,0,0,0,0,33,0,0,0,0,0,0,0,0,0,0
OTU_136,0,0,2,0,0,59,114,635,381,1,19,0,0,0,0,7,0,24,45,0
OTU_1360,12,3,8,0,0,0,0,859,0,0,0,0,0,0,0,0,0,0,0,0
OTU_1361,0,4,2,0,0,0,0,1,4,0,0,0,0,0,0,0,1,0,4,0
OTU_1362,0,0,0,0,0,0,0,0,0,0,0,588,0,0,0,0,0,9,0,0
OTU_1363,0,0,0,0,0,0,0,0,0,0,0,1,0,7,10,0,0,0,0,0
OTU_1364,0,0,0,0,0,0,0,0,0,0,0,0,0,0,0,0,0,10,0,0
OTU_1365,156,101,125,642,233,0,0,0,0,0,0,0,0,0,0,0,0,0,0,0
OTU_1366,0,0,0,0,0,0,0,0,0,0,0,2,0,0,0,0,11,0,1,0
OTU_1367,0,0,0,0,0,366,10,0,0,0,0,0,0,0,0,2,7,638,132,0
OTU_1368,2,1,21,0,2,184,267,23,201,323,0,0,0,0,0,71,184,1013,167,176
OTU_1369,37,90,47,0,0,59,44,0,109,0,0,0,0,0,0,0,114,0,16,0
OTU_137,0,0,0,0,0,4,5,0,0,4,2481,2361,47,208,141,228,34,58,114,0
OTU_1370,0,0,0,0,0,0,0,0,0,0,0,0,0,0,0,0,67,0,0,0
OTU_1371,0,0,0,0,0,0,0,57,0,0,0,0,0,0,0,0,0,0,0,0
OTU_1372,0,0,0,0,0,58,0,0,0,0,0,0,0,0,0,0,0,0,0,0
OTU_1373,0,0,0,0,0,0,0,0,0,0,0,1,4,14,7,23,0,0,0,0
OTU_1374,0,0,5,0,18,0,0,37,1,0,0,0,0,0,0,0,0,0,0,0
OTU_1375,0,0,0,64,0,0,0,0,0,0,0,0,0,0,0,0,0,0,0,0
OTU_1376,0,0,2,0,0,24,11,18,0,0,0,0,0,0,0,0,0,0,0,0
OTU_1377,4,37,16,0,0,0,0,0,0,0,0,0,0,0,0,0,0,0,0,0
OTU_1378,0,0,0,0,0,0,0,13,0,0,0,0,0,0,0,0,0,0,0,0
OTU_1379,0,0,0,0,0,0,0,0,0,0,0,7,0,0,0,19,6,33,0,0
OTU_138,0,21,0,109,0,0,0,0,0,0,0,0,0,0,0,0,0,0,0,0
OTU_1380,0,0,0,0,0,0,0,0,0,0,0,0,0,0,0,0,58,0,0,0
OTU_1381,0,0,0,61,0,0,0,0,0,0,0,0,0,0,0,0,0,0,0,0
OTU_1382,0,0,0,30,38,0,0,0,0,3,0,0,0,0,0,0,0,0,0,0
OTU_1383,42,0,22,0,0,0,0,0,0,6,0,0,0,0,0,0,0,0,0,0
OTU_1384,0,0,0,0,0,0,0,0,0,0,0,0,0,0,0,0,0,0,0,1677
OTU_1385,40,7,22,24,1387,0,3,0,51,0,0,0,0,0,0,0,0,0,0,0
OTU_1386,536,285,505,0,0,75,0,0,0,3,0,2,27,1,7,0,1,0,0,0
OTU_1387,0,0,0,1,0,0,0,0,0,0,0,0,0,0,0,0,0,8681,0,0
OTU_1388,0,0,0,0,0,0,0,14,0,0,0,0,15411,0,45215,0,0,0,1,0
OTU_1389,0,0,0,0,0,0,0,0,0,0,0,0,0,0,0,0,0,0,13,0
OTU_139,162,261,222,0,0,0,0,0,0,0,0,0,0,0,0,0,0,0,0,0
OTU_1390,3288,0,3591,0,0,0,0,0,1,0,0,0,1,0,0,0,0,0,0,0
OTU_1391,0,0,0,27,0,0,0,0,0,0,0,0,0,0,0,0,0,0,0,0
OTU_1392,162,55,153,129,432,86,78,175,54,82,0,0,0,0,0,0,0,0,0,0
OTU_1393,0,0,0,0,1343,0,0,0,0,377,0,0,0,0,0,0,0,0,1,0
OTU_1394,0,0,0,0,0,0,0,0,0,0,0,0,0,0,0,0,0,1309,0,0
OTU_1395,0,0,0,0,0,0,0,0,0,0,0,0,0,0,0,0,0,0,1323,0
OTU_1396,11,0,20,1195,370,0,0,49,52,0,0,0,0,0,0,0,0,0,0,0
OTU_1397,4,2,6,0,0,0,0,0,0,0,0,0,0,0,0,0,0,0,0,0
OTU_1398,0,0,0,0,0,0,0,0,0,0,0,0,0,0,0,0,0,3,0,1401
OTU_1399,0,0,0,0,0,0,0,0,0,0,0,0,307,0,349,0,0,0,0,0
OTU_14,7,24,43,3128,2128,940,752,1466,770,156,0,0,0,0,0,0,0,0,0,0
OTU_140,120,7,105,371,308,25,631,308,1654,165,0,0,0,0,0,0,0,0,0,0
OTU_1400,0,0,0,3,11,0,3,0,0,0,0,0,0,0,0,0,0,0,0,0
OTU_1401,126,12,129,276,254,0,0,0,0,13,0,0,0,0,0,0,0,0,0,0
OTU_1402,290,0,239,0,0,0,0,0,0,0,0,0,0,0,0,0,0,0,0,0
OTU_1403,0,0,0,0,0,503,0,0,0,0,1,5,0,0,0,0,0,0,0,0
OTU_1404,0,0,0,0,0,0,0,0,0,0,0,0,0,0,0,0,0,0,0,591
OTU_1405,47,0,199,151,56,0,0,0,0,0,0,0,0,0,0,0,0,0,0,0
OTU_1406,0,0,0,0,0,0,0,0,0,0,7,0,0,0,3,0,478,0,187,0
OTU_1407,0,0,3,3226,0,0,0,8,0,0,0,0,0,0,0,0,0,0,0,0
OTU_1408,457,61,541,17,1,0,0,43,0,1915,0,0,0,0,0,0,0,0,0,0
OTU_1409,0,1,0,0,1,0,73420,5,12,1,0,1,0,0,0,0,0,0,0,2
OTU_141,0,0,0,0,0,0,0,0,5693,0,0,0,0,0,0,0,0,0,0,0
OTU_1410,377,2179,361,0,0,0,0,0,1,0,0,0,0,0,0,0,0,0,0,0
OTU_1411,0,0,0,0,0,0,0,0,0,0,0,1207,0,0,2,0,0,12,0,0
OTU_1412,0,0,0,0,0,263,273,916,13,38,49,193,228,244,852,1,516,138,270,115
OTU_1413,0,0,0,0,0,0,421,0,0,187,233,1126,0,15,13,9,3278,643,65,0
OTU_1414,0,0,0,0,0,0,7,0,0,0,0,0,0,0,0,0,0,0,0,0
OTU_1415,0,0,0,58,0,0,0,0,0,0,0,0,0,0,0,0,0,0,0,0
OTU_1416,0,0,0,0,0,0,0,0,0,0,0,68,0,0,0,0,0,0,0,0
OTU_1417,0,18,0,0,0,0,0,0,0,0,0,0,0,0,0,0,0,0,0,0
OTU_1418,0,0,0,0,0,0,0,0,0,0,0,0,0,0,0,0,0,0,8,0
OTU_1419,0,0,0,0,0,0,0,0,0,0,0,0,74,0,68,0,0,0,0,0
OTU_142,0,0,0,0,1,22,100,204,140,50,0,0,0,0,0,0,0,0,0,0
OTU_1420,0,0,0,0,0,0,0,0,0,0,0,0,34,0,106,0,0,0,0,0
OTU_1421,0,0,0,0,0,0,0,0,0,55,0,0,0,0,0,0,0,0,0,0
OTU_1422,0,0,0,0,0,0,0,0,0,0,42,0,0,0,0,0,0,0,0,0
OTU_1423,36,0,21,0,0,0,0,0,0,0,0,0,0,0,0,0,0,0,0,0
OTU_1424,0,0,0,0,0,0,0,0,0,0,0,2,42,0,0,0,0,0,0,15
OTU_1425,0,0,0,12,8,0,0,1,61,0,0,0,0,0,0,0,0,0,0,0
OTU_1426,2,2,7,2,1,0,0,5,0,0,0,0,0,0,0,0,6,0,0,0
OTU_1427,43,1,9,0,0,0,0,0,0,0,0,0,0,0,0,0,0,0,0,0
OTU_1428,0,0,0,0,0,0,0,0,0,65,0,0,0,0,0,0,0,0,0,0
OTU_1429,0,0,0,0,0,0,0,0,0,0,0,0,0,0,0,0,0,0,49,0
OTU_143,0,0,0,1,2,1523,0,0,0,11,472,83,105,39,385,73,32675,20,8892,11
OTU_1430,0,0,0,85,51,0,0,0,0,0,0,0,0,0,0,0,0,0,0,0
OTU_1431,0,0,0,0,0,0,0,0,0,0,1,0,0,0,0,12,0,0,0,0
OTU_1432,0,0,0,0,0,0,0,0,32,1,0,0,0,0,0,0,0,0,0,0
OTU_1433,0,0,0,0,0,21,0,9,0,0,19,45,72,28,200,0,224,0,57,172
OTU_1434,0,0,0,0,0,0,0,0,0,177,0,0,0,0,0,0,0,0,0,0
OTU_1435,1,0,2,0,0,0,0,0,0,6,0,0,10,18,112,35,3,1,0,0
OTU_1436,99,0,91,0,0,1,17,3,55,36,0,0,0,0,0,0,0,0,3,0
OTU_1437,8,2,2,0,0,0,0,0,0,0,0,0,0,0,0,0,0,0,0,0
OTU_1438,17,0,0,0,0,0,0,0,0,0,0,0,0,0,0,0,0,0,3,0
OTU_1439,0,0,0,0,0,0,0,0,0,2,0,0,0,0,0,0,3,2,168,0
OTU_144,2,6,0,110,136,17,21,100,67,117,0,0,0,0,0,0,0,0,1,0
OTU_1440,0,0,0,0,0,5,0,36,0,0,0,0,4,0,61,0,0,0,3,0
OTU_1441,0,0,0,86,83,0,0,0,0,0,0,0,0,0,0,0,0,0,0,0
OTU_1442,0,0,0,0,0,0,0,0,0,0,0,0,0,0,0,1,10,4,0,0
OTU_1443,0,0,0,0,0,0,0,7,0,0,0,0,0,0,0,0,2,3,0,0
OTU_1444,0,0,0,0,0,0,0,0,0,0,3,22,2,0,3,0,61,18,41,49
OTU_1445,0,0,0,0,0,0,0,0,0,0,0,0,35,0,27,0,0,0,0,0
OTU_1446,0,58,0,0,0,0,0,0,0,0,0,0,0,0,0,0,0,0,0,0
OTU_1447,0,0,0,0,0,0,0,0,0,0,0,0,0,66,1,0,0,0,0,0
OTU_1448,0,0,0,0,0,0,0,0,0,0,0,0,0,5,0,0,0,0,0,0
OTU_1449,0,0,0,0,0,0,0,0,0,53,0,0,0,0,0,0,0,0,0,0
OTU_145,0,0,0,0,0,1401,0,0,0,0,0,0,0,0,0,0,0,0,0,0
OTU_1450,0,0,0,0,0,1,0,12,0,1,0,0,0,0,0,0,0,0,0,0
OTU_1451,0,0,0,0,0,0,0,0,0,0,2,34,8,0,29,0,0,0,0,0
OTU_1452,0,0,0,0,0,0,1,0,0,0,0,0,24,16,21,4,12,1,6,3
OTU_1453,0,0,0,0,0,0,0,0,0,0,0,75,0,0,0,0,0,0,0,0
OTU_1454,0,0,11,0,0,0,0,0,0,0,0,0,0,0,0,0,0,0,0,0
OTU_1455,0,0,0,0,0,0,0,0,0,0,0,0,0,0,0,0,13,0,0,0
OTU_1456,0,0,0,78,0,0,0,0,0,0,0,0,0,0,0,0,0,0,0,0
OTU_1457,0,0,0,11,8,0,0,0,0,0,0,0,0,0,0,0,0,0,0,0
OTU_1458,0,0,1,88,0,0,0,0,0,0,0,0,0,0,0,0,0,0,0,0
OTU_1459,0,0,0,0,0,0,0,0,0,0,0,0,0,0,0,0,8,0,0,0
OTU_146,0,17,2,221,453,45,4,88,299,121,174,78,0,16,9,2,15,11,255,0
OTU_1460,0,0,0,0,0,0,0,0,0,0,0,7,0,0,0,0,32,0,9,0
OTU_1461,7,17,9,0,0,0,0,0,0,0,0,0,0,0,0,0,0,0,0,0
OTU_1462,9,5,31,0,0,0,0,0,0,0,0,0,0,0,0,0,0,0,0,0
OTU_1463,22,0,14,7,14,0,0,0,0,0,0,0,0,0,0,0,0,0,0,0
OTU_1464,29,0,17,0,0,0,0,0,0,0,0,0,0,0,0,0,0,0,0,0
OTU_1465,0,0,0,0,0,0,0,0,0,0,0,0,0,3,1,0,0,0,0,0
OTU_1466,0,0,0,0,0,0,0,0,0,0,4,0,0,0,0,0,9,0,0,0
OTU_1467,0,0,0,0,0,11,0,0,0,0,0,0,0,0,0,0,0,4,0,0
OTU_1468,3,0,1,4,17,2,2,11,1,18,0,0,0,0,0,0,0,0,0,0
OTU_1469,0,0,0,0,2,0,0,7,0,0,0,0,0,4,7,25,0,7,0,0
OTU_147,9864,3437,10217,362,526,92,212,7,729,9120,0,0,0,1,0,0,0,0,0,3
OTU_1470,0,0,0,0,0,0,0,0,0,54,0,0,0,0,0,0,0,0,0,0
OTU_1471,46,0,5,0,0,0,0,0,0,0,0,0,0,1,0,0,1,0,0,0
OTU_1472,0,0,0,0,0,0,0,0,0,0,0,0,8,0,58,0,0,0,0,0
OTU_1473,0,0,0,0,37,0,0,0,0,0,0,0,0,0,0,0,0,0,0,0
OTU_1474,0,0,0,0,0,0,0,0,0,0,0,0,50,0,0,0,0,0,0,0
OTU_1475,0,0,0,0,0,2040,0,0,0,0,0,0,0,0,0,0,0,0,0,0
OTU_1476,7,0,1,0,0,0,0,0,0,6,0,0,0,0,1,0,0,0,0,0
OTU_1477,0,0,0,0,0,0,0,13,0,0,0,0,0,0,0,0,0,0,0,0
OTU_1478,0,0,0,0,0,0,11,0,0,0,0,0,0,0,0,4,0,0,0,0
OTU_1479,0,0,0,0,1,2,4,0,0,1,0,0,0,8,0,1,0,0,0,0
OTU_148,0,0,0,0,0,0,0,0,0,0,7,4,50,9,131,0,69,0,0,0
OTU_1480,0,0,0,28,10,0,0,0,0,0,0,0,0,0,0,0,0,0,0,0
OTU_1481,0,0,0,0,0,0,21,0,0,0,0,0,0,0,0,0,0,1,0,0
OTU_1482,0,0,0,0,0,0,0,0,0,0,8,0,0,0,1,0,11,0,3,0
OTU_1483,0,0,0,0,0,14,0,0,0,0,0,0,0,0,0,0,0,0,0,0
OTU_1484,0,0,0,0,0,1,3,2,0,0,0,0,0,0,0,0,10,1,5,0
OTU_1485,0,1,0,4,29,0,0,0,0,4,0,0,0,0,0,0,0,0,0,0
OTU_1486,0,0,0,0,3,0,1,2,3,0,0,2,13,0,0,1,0,0,0,4
OTU_1487,0,1,0,6,0,0,0,0,12,1,0,0,0,0,0,0,0,0,0,0
OTU_1488,0,0,0,0,0,0,0,0,0,0,0,0,0,1,15,0,0,0,0,0
OTU_1489,0,0,0,0,0,0,0,0,0,23,0,0,0,0,0,0,0,0,0,0
OTU_149,733,5,763,0,0,63,32,32,237,166,0,22,11,73,39,0,199,0,534,0
OTU_1490,0,0,0,11,0,0,0,0,0,0,0,0,0,0,0,0,0,0,0,0
OTU_1491,0,0,0,0,0,9,0,0,5,0,0,0,0,0,0,0,0,0,0,0
OTU_1492,0,0,0,0,0,33,5,0,0,0,0,0,0,7,3,0,0,0,0,0
OTU_1493,0,0,0,0,0,0,0,0,0,0,0,0,0,0,0,0,0,0,21,0
OTU_1494,0,0,0,0,0,0,0,0,0,0,0,0,0,0,1,0,0,11,0,0
OTU_1495,0,0,1,0,0,6,0,4,14,2,0,0,0,0,0,0,0,0,0,0
OTU_1496,0,0,0,0,0,0,0,0,0,0,1,0,0,0,0,0,21,0,0,0
OTU_1497,0,0,0,0,0,0,0,0,11,0,0,0,0,0,0,0,0,0,0,0
OTU_1498,0,0,0,0,0,0,0,17,0,0,0,0,0,0,0,0,0,0,0,0
OTU_1499,13,0,18,13,5,0,0,0,0,0,0,0,0,0,0,0,0,0,0,0
OTU_15,10,875,26,0,0,1996,0,0,105,0,0,0,0,0,0,0,0,0,0,16524
OTU_150,0,0,0,0,0,0,0,0,0,0,21,0,0,0,5,0,55,0,0,102
OTU_1500,0,0,0,0,0,0,0,0,0,0,0,0,0,0,0,0,0,0,13,0
OTU_1501,0,0,0,0,28,0,0,0,0,0,0,0,0,0,0,0,0,0,0,0
OTU_1502,0,0,0,0,0,20,0,0,0,2,0,0,0,0,0,0,0,0,0,0
OTU_1503,0,0,0,0,0,0,3,0,0,0,0,0,0,0,0,0,15,0,2,1
OTU_1504,0,0,0,0,0,0,0,0,0,0,0,0,0,0,0,0,0,0,27,0
OTU_1505,0,0,0,0,0,0,0,0,0,24,0,0,0,0,0,0,0,0,0,0
OTU_1506,0,0,0,0,0,2,2,0,0,0,0,0,0,0,0,1,0,0,0,0
OTU_1507,0,0,0,11,1,0,0,0,0,0,0,0,0,0,0,0,0,0,0,0
OTU_1508,0,0,0,0,0,15,0,0,0,0,0,0,0,0,0,0,1,0,0,0
OTU_1509,0,0,0,3,0,6,0,1,11,0,0,0,0,0,0,0,0,0,0,0
OTU_151,19,3,24,4,6,355,62,99,85,3,0,0,0,0,0,0,0,0,0,0
OTU_1510,0,0,0,0,0,7,0,9,0,4,0,0,0,0,0,1,0,2,0,0
OTU_1511,18,0,1,0,0,0,0,0,0,0,0,0,0,0,0,0,0,0,0,0
OTU_1512,0,0,0,0,0,0,0,4,0,0,0,0,0,0,0,0,0,0,0,0
OTU_1513,0,0,0,0,0,0,0,0,0,28,0,0,0,0,0,0,0,0,0,0
OTU_1514,0,0,0,0,0,0,0,0,0,0,0,0,0,0,32,0,0,0,0,0
OTU_1515,0,0,0,7,1,1,0,24,10,0,0,0,0,0,0,0,0,0,0,0
OTU_1516,0,0,0,0,0,0,0,0,0,0,0,0,17,0,1,0,8,0,0,7
OTU_1517,0,1,0,33,0,0,0,0,0,0,0,0,0,0,0,0,0,0,0,0
OTU_1518,0,0,0,0,0,2,0,7,4,3,0,0,0,0,1,6,5,0,0,0
OTU_1519,0,0,0,0,0,6,0,0,29,0,0,0,0,0,0,0,7,0,0,0
OTU_152,0,6,0,3,7,231,1,6,47,37,0,0,0,0,0,0,1,0,4,0
OTU_1520,0,0,0,0,0,0,0,0,0,0,0,0,0,0,20,0,0,0,0,0
OTU_1521,0,18,0,0,0,0,0,0,0,0,0,0,0,0,0,0,0,0,0,0
OTU_1522,9,0,2,0,0,0,0,0,0,0,0,0,0,0,0,0,0,0,0,0
OTU_1523,0,0,0,0,0,16,27,0,11,6,0,0,0,0,0,0,0,0,0,0
OTU_1524,0,0,0,0,0,5,0,6,0,0,0,0,0,0,0,0,0,0,0,0
OTU_1525,0,0,0,0,0,2,0,0,0,0,0,0,0,0,6,6,0,1,0,2
OTU_1526,0,0,0,0,0,0,0,0,0,0,3,0,0,0,0,0,9,0,12,0
OTU_1527,0,8,0,26,0,0,0,0,0,0,0,0,0,0,0,0,0,0,0,0
OTU_1528,0,4,1,39,2,0,0,0,0,8,0,0,0,0,0,0,0,0,0,0
OTU_1529,0,0,0,0,0,0,0,0,16,0,0,0,0,0,0,0,3,0,0,0
OTU_153,0,0,0,0,0,0,0,0,0,0,0,111,0,0,0,0,299,0,40,0
OTU_1530,0,0,0,0,0,12,0,1,19,6,0,1,0,0,2,0,0,0,1,0
OTU_1531,0,1,0,0,0,0,0,0,16,1,0,0,0,0,0,0,0,0,0,0
OTU_1532,0,0,0,0,0,0,0,0,0,0,0,0,0,0,0,0,19,3,0,0
OTU_1533,0,0,0,0,0,0,0,28,0,0,0,0,0,0,0,0,0,0,0,0
OTU_1534,0,0,0,0,0,0,0,0,0,0,0,0,16,1,17,5,1,0,12,0
OTU_1535,0,1,0,0,0,0,0,0,0,0,1,2,0,2,6,0,0,0,0,0
OTU_1536,0,0,0,1,15,0,0,0,0,3,0,0,0,0,0,0,0,0,0,0
OTU_1537,0,0,0,0,0,0,0,0,0,0,0,0,73,0,115,78,0,0,0,0
OTU_1538,0,0,0,0,0,0,0,0,0,0,2,0,0,1,0,0,29,0,160,0
OTU_1539,0,0,0,0,0,0,0,0,0,0,0,166,0,0,0,0,0,0,0,0
OTU_154,2,0,0,0,0,231,142,49,24,138,0,0,0,1,0,0,0,8,54,3
OTU_1540,49,20,11,90,14,7,0,0,0,16,0,0,0,22,8,0,6,3,17,2
OTU_1541,0,0,0,0,0,0,0,0,0,0,0,1,0,0,0,0,16,0,1,0
OTU_1542,0,0,0,0,0,0,0,0,0,0,1,0,0,0,1,0,13,0,0,11
OTU_1543,0,0,0,0,0,0,0,0,0,0,0,0,0,0,6,0,0,0,0,0
OTU_1544,0,0,0,0,0,0,0,0,0,0,0,7,0,0,0,0,18,0,1,0
OTU_1545,0,0,0,0,0,0,0,0,0,0,4,0,0,0,0,0,16,0,0,7
OTU_1546,0,0,0,0,0,0,0,0,0,0,3,0,0,0,0,0,9,0,0,7
OTU_1547,0,0,0,0,0,0,0,1,0,0,0,0,79,0,144,0,0,0,0,0
OTU_1548,43,19,87,38,4,0,0,0,0,12,0,0,0,0,0,0,0,0,0,0
OTU_1549,0,0,0,0,0,0,0,199,0,0,0,0,0,0,0,0,0,0,0,0
OTU_155,1589,2401,1489,0,0,0,0,0,0,0,0,0,0,0,0,0,0,0,0,0
OTU_1550,0,0,2,0,7,0,0,0,0,1,0,0,0,0,0,0,0,0,0,0
OTU_1551,0,0,0,0,0,0,0,12,0,0,0,0,0,0,0,0,0,0,0,0
OTU_1552,0,0,0,0,0,209,12,52,0,0,0,0,0,0,0,0,0,0,11,0
OTU_1553,0,0,0,0,0,2,0,0,0,0,0,2,19,30,83,75,59,0,0,0
OTU_1554,0,0,0,0,0,0,0,0,0,233,0,0,0,0,0,0,0,0,0,0
OTU_1555,0,0,0,0,0,0,0,0,0,0,3,0,0,0,4,0,6,0,0,14
OTU_1556,0,76,8,0,0,0,0,0,2812,0,0,0,0,0,0,0,0,0,0,0
OTU_1557,0,0,0,0,0,0,0,0,0,0,0,0,0,0,0,0,6,0,0,0
OTU_1558,0,0,0,0,0,0,0,0,0,0,15,0,0,0,0,0,0,0,0,0
OTU_1559,0,0,0,0,0,0,0,0,0,0,0,0,66,40,135,0,0,0,0,0
OTU_156,491,221,518,15,12,594,3948,154,25966,159,173,502,28,102,109,256,30,3493,4765,6801
OTU_1560,0,0,0,0,0,0,0,0,0,225,0,0,0,0,0,0,0,0,0,0
OTU_1561,0,0,0,0,0,0,0,0,0,0,0,1,0,0,0,0,5,0,0,0
OTU_1562,0,0,0,0,0,0,0,0,0,0,0,0,0,0,0,238,0,0,0,0
OTU_1563,0,509,0,0,0,0,2,0,0,0,0,0,0,0,0,0,0,0,0,0
OTU_1564,0,0,0,0,0,0,0,0,0,0,0,1,0,9,0,0,0,0,0,0
OTU_1565,0,0,1,1,5,0,13,0,1,0,0,0,0,0,0,0,0,0,0,0
OTU_1566,121,1,112,0,0,0,0,0,0,0,0,0,0,0,0,0,0,0,0,0
OTU_1567,0,0,0,0,0,0,0,0,0,0,1,0,0,0,18,0,0,0,0,0
OTU_1568,0,0,0,0,0,15,0,17,0,0,165,0,0,14,8,0,97,0,51,13
OTU_1569,50,17,77,0,0,2,38,2,453,15,0,0,0,0,0,0,0,0,0,0
OTU_157,1,1,5,117,85,0,0,0,14,0,0,0,0,0,0,0,0,0,0,0
OTU_1570,150,0,120,0,0,0,0,0,0,0,0,0,0,0,0,0,0,0,0,0
OTU_1571,0,0,0,0,0,28,11,254,86,20,0,0,0,0,0,0,22,20,134,0
OTU_1572,0,5,8,0,0,0,3,0,2,0,0,0,0,0,0,0,1,0,0,0
OTU_1573,0,0,0,0,0,0,0,0,0,0,0,0,52,0,286,0,0,0,0,0
OTU_1574,8,0,18,0,0,44,18,0,269,4,0,0,0,0,0,0,0,0,0,0
OTU_1575,0,0,0,0,0,0,0,0,0,0,0,370,0,0,0,0,0,0,0,0
OTU_1576,0,0,0,0,0,19,0,0,0,0,3,1,0,0,2,1,289,0,104,0
OTU_1577,0,0,0,0,0,25,10,710,0,2,0,0,0,0,0,0,73,0,0,0
OTU_1578,0,1,0,19,0,0,0,0,0,0,0,0,0,0,0,0,0,0,0,0
OTU_1579,0,0,0,0,0,0,0,0,0,1,0,0,0,0,0,0,366,0,0,0
OTU_158,64,0,0,16,7,62,6,7,0,2,34,23,116,15,0,0,16,5,0,1
OTU_1580,0,0,0,0,364,0,0,0,0,15,0,0,0,0,0,0,0,0,0,0
OTU_1581,34,21,66,0,12,0,0,0,211,5,0,0,0,0,0,0,0,0,0,0
OTU_1582,0,0,0,0,475,0,0,0,0,0,0,0,0,0,0,0,0,0,0,0
OTU_1583,17,0,7,0,0,0,0,0,364,0,0,0,0,0,0,0,0,0,0,0
OTU_1584,0,0,0,0,454,0,0,0,0,0,0,0,0,0,0,0,0,0,0,0
OTU_1585,0,0,0,0,0,0,0,0,0,0,0,0,0,2,0,0,0,433,31,1
OTU_1586,0,0,0,0,0,0,0,0,0,0,0,0,0,0,11,0,0,0,0,0
OTU_1587,0,0,0,0,0,1,1,9,0,0,0,0,0,0,0,0,0,0,0,0
OTU_1588,20,8,13,0,0,122,0,263,0,0,0,0,0,0,0,0,32,0,0,0
OTU_1589,0,0,0,0,0,0,0,0,1,0,0,10,0,0,0,389,0,0,0,0
OTU_159,765,958,771,429,2,4743,2852,766,12377,31972,0,0,0,0,0,1,1,0,0,3296
OTU_1590,0,0,1,0,0,490,0,0,0,1,0,0,0,0,0,0,0,0,0,0
OTU_1591,0,0,0,1,0,0,0,0,0,0,0,0,0,0,0,2,0,444,0,0
OTU_1592,113,57,135,0,0,149,13,0,0,0,0,0,0,0,0,0,0,1,0,0
OTU_1593,0,0,0,0,260,0,0,180,0,0,0,0,0,0,0,0,0,0,0,0
OTU_1594,0,0,0,0,0,0,0,0,0,0,0,0,0,6,0,0,0,0,0,0
OTU_1595,0,0,2,487,0,0,0,0,0,0,0,0,0,0,0,0,0,0,0,0
OTU_1596,0,0,0,213,389,0,0,0,0,17,0,0,0,0,0,0,0,0,0,0
OTU_16,722,309,873,1221,111,1869,2146,3131,4121,1655,0,0,0,1,0,768,136,807,0,0
OTU_160,87,2,66,0,0,6299,49,3,0,212,334,156,2406,2842,7255,762,50,0,396,542
OTU_161,2,0,4,13,0,207,50,103,171,47,0,0,0,0,0,0,0,0,0,0
OTU_162,4589,113,4266,0,22,0,0,0,4314,0,0,0,0,0,0,0,0,0,0,0
OTU_163,1456,436,1354,0,0,12,26,0,73,85,6595,2212,37,81,37,148,52,2,6,9
OTU_164,0,4,2,45,81,0,5,27,5,93,0,0,0,0,0,0,0,0,0,0
OTU_165,105,7,135,0,0,129,4,98,134,2,0,0,0,0,0,0,0,0,0,0
OTU_166,0,0,0,0,0,1,1,0,0,0,661,218,86,35,315,0,183,22,17,0
OTU_167,20,17,13,0,5,100,2,62,17,38,0,0,0,0,0,0,0,0,0,0
OTU_168,0,2,0,50,36,1,3,56,22,81,0,0,0,0,0,0,0,0,0,0
OTU_169,0,0,0,0,0,0,0,0,0,0,0,2,23,83,156,62,149,0,0,0
OTU_17,0,0,0,0,0,205,0,0,0,2,93,37,33,14,42,8,4796,6,1300,6
OTU_170,0,0,1,85,45,12,7,44,22,34,0,0,0,0,0,0,0,0,0,0
OTU_171,412,9,507,540,451,599,2794,1275,3145,3463,0,0,0,0,0,0,0,24,0,211
OTU_172,0,0,13,13,0,22,10,7,195,20,0,0,0,4,19,112,48,36,0,0
OTU_173,36,108,65,37,0,145,0,46,305,0,610,492,4,100,93,111,958,1274,1055,0
OTU_174,0,1,21,0,0,69,12,6,7,44,0,0,0,0,0,0,0,0,0,0
OTU_175,0,0,0,0,0,470,70,296,0,238,0,0,0,0,1,0,960,1482,181,269
OTU_176,7,6,53,82,183,0,0,0,3484,183,0,0,0,0,0,0,0,0,0,0
OTU_177,12,0,11,268,40,0,1,0,9,0,0,0,0,0,0,0,0,0,0,0
OTU_178,0,0,0,1,0,25,17,1,3,4,83,496,173,49,528,6,2242,589,1190,1753
OTU_179,0,0,0,0,0,0,0,0,0,0,0,100,0,0,0,0,494,933,166,0
OTU_18,0,0,0,0,0,0,0,0,0,0,783,0,89,1,219,0,2119,1,0,1994
OTU_180,44,10,52,0,0,21,0,102,71,35,0,0,0,16,12,12,96,345,83,9
OTU_181,96,106,161,0,0,0,0,0,0,0,0,0,0,0,0,0,0,0,0,0
OTU_182,0,986,1,0,0,0,22,0,0,0,0,0,0,0,0,0,0,0,0,0
OTU_183,477,236,590,2,40,14,0,0,0,0,0,0,0,0,0,0,0,0,0,0
OTU_184,17,9,56,399,111,0,0,0,35,0,0,0,0,0,0,0,0,0,0,0
OTU_185,32,215,48,33,136,0,0,0,0,0,0,0,0,0,0,0,0,0,0,0
OTU_186,0,0,0,0,0,0,0,0,0,0,0,141,0,0,0,0,2025,0,109,0
OTU_187,2464,93987,3134,0,0,0,19,0,1,0,0,10,1,0,0,0,0,0,0,0
OTU_188,0,0,0,0,0,0,0,0,0,0,0,0,0,6,0,0,534,0,121,0
OTU_189,0,0,0,0,0,0,0,0,0,0,15,0,1,0,18,0,98,0,0,109
OTU_19,0,1,0,0,1,26814,3720,16253,3570,1024,1,0,0,2,0,5,3742,594,2457,445
OTU_190,219,97,109,44,11,178,28,94,958,299,0,0,0,0,0,0,0,0,0,0
OTU_191,338,2,249,52,106,0,0,0,22,385,0,0,0,0,0,0,0,0,0,0
OTU_192,0,0,0,19,2811,0,0,0,0,0,0,0,0,0,0,0,0,0,0,0
OTU_193,1430,1488,1606,0,1,0,64,0,2,46,10,1,0,259,0,753,359,416,1922,1
OTU_194,0,0,0,0,0,0,0,0,0,0,0,2079,0,0,0,0,0,0,0,7926
OTU_195,31,4,19,3,0,3,0,16,0,0,14,104,40,23,75,200,203,22,25,0
OTU_196,0,0,1,0,1,151,69,28,0,5,1,528,61,38,121,138,386,81,402,100
OTU_197,213,26,157,3,12,1214,621,600,1148,780,824,4110,7068,1929,18107,320,5288,2345,7446,57953
OTU_198,289,247,302,710,824,4,58,542,1771,483,0,0,0,0,0,1,0,0,0,0
OTU_199,0,11,2,28,72,11,4,75,53,72,0,0,0,0,0,0,0,0,0,0
OTU_2,1304,2347,1537,35606,46311,1029,19546,9217,11306,42298,0,6,0,0,1,1,1,3,6,1
OTU_20,0,0,0,0,0,308,0,11,3,0,0,102,6273,4757,18590,7297,1280,0,781,0
OTU_200,0,0,0,0,0,1,0,1,0,0,0,149,475,1233,1492,728,0,0,0,0
OTU_201,0,0,0,0,0,201,0,146,0,0,8,0,0,0,0,0,0,29,4,0
OTU_202,0,0,1,55,14,13,5,5,3,71,0,0,0,0,0,0,0,0,0,0
OTU_203,0,0,0,46,18,3,1,16,30,54,0,0,0,0,0,0,0,0,0,0
OTU_204,0,7,3,418,896,8,5,36,89,34,103,35,27,57,13,0,131,12,423,1
OTU_205,94,1,40,0,8,8,36,3,7,7,0,3,0,0,5,0,10,9,77,78
OTU_206,0,5,0,0,0,380,7,23,42,105,6,5,0,37,53,0,11,0,167,0
OTU_207,281,3847,300,0,0,0,2,0,1,0,0,0,110,0,375,0,0,0,0,0
OTU_208,0,0,0,0,0,0,0,1,0,0,32,3,34,28,401,0,168,0,5,0
OTU_209,0,7,0,0,0,95,0,0,10,0,0,0,0,0,0,0,0,0,0,313
OTU_21,0,0,0,0,0,0,0,0,0,0,118,25,460,220,1378,0,532,0,0,0
OTU_210,0,0,1,184,3,625,3,99,0,0,1,1,5,3,14,162,67,1630,714,0
OTU_211,3,5,3,12,5,43,13,15,22,31,71,17,15,33,38,18,12,6,159,1
OTU_212,0,0,0,0,0,0,0,0,0,0,118,117,6,69,41,909,105,13,0,0
OTU_213,277,250,311,0,1,48,39,1052,527,2055,0,1269,2329,1489,6735,353,1633,2022,880,1016
OTU_214,0,0,0,7,409,0,0,0,0,0,0,0,0,0,0,0,0,0,0,0
OTU_215,78,0,34,0,0,0,0,83,0,63,0,24,795,420,1756,0,2,0,0,0
OTU_216,0,2,2,47,72,19,8,20,36,60,0,0,0,0,0,0,0,0,0,0
OTU_217,376,154,385,975,1136,2219,4275,1701,4956,3201,0,2,4,0,27,11,30,274,17,44
OTU_218,0,0,0,0,0,21,0,70,1,15,0,0,0,0,0,0,0,0,0,0
OTU_219,0,0,0,30,40,0,16,23,114,0,0,0,0,0,0,0,0,0,0,0
OTU_22,0,0,0,0,0,0,0,0,0,0,0,235,0,0,0,0,899,0,284,0
OTU_220,0,0,0,0,0,0,0,0,0,0,0,211,0,0,0,0,699,0,203,0
OTU_221,0,0,0,0,0,233,4,0,0,12,0,0,0,0,0,0,46,2,15,0
OTU_222,13,2,4,0,0,0,0,0,0,3,0,0,15,44,9,0,6,150,17,0
OTU_223,0,0,0,0,8,2550,0,1,0,11,1975,283,635,89,2055,1094,37552,166,21401,91
OTU_224,0,0,0,13,0,171,0,777,0,0,0,0,0,0,0,0,0,0,0,0
OTU_225,23,7,15,53,32,203,77,109,79,199,75,192,21,17,117,53,1022,344,195,161
OTU_226,0,0,0,0,0,41,18,1,2,21,495,2049,706,225,1614,68,355,171,108,606
OTU_227,0,0,0,0,0,0,0,0,0,0,6,921,0,0,0,0,0,0,0,0
OTU_228,1,3,3,186,9,621,262,676,10533,216,100,52,1105,888,2873,24,51,82,6852,73
OTU_229,0,0,0,0,0,0,0,432,0,0,0,0,0,0,0,0,0,0,0,0
OTU_23,4479,4915,4344,0,0,0,1,0,0,0,0,1,0,1,0,0,0,0,0,1
OTU_230,0,0,0,0,0,0,0,621,0,0,433,6424,0,29,4,1352,4867,1744,1821,0
OTU_231,0,1,1,80,52,0,3,44,43,35,0,0,0,0,0,0,0,0,0,0
OTU_232,45,12,28,18,2,144,6,0,338,61,0,12,0,0,0,0,0,0,20,0
OTU_233,0,0,0,0,0,0,0,1,0,0,51,0,12,0,28,0,311,0,0,312
OTU_234,11,0,4,138,91,0,0,0,0,1,0,0,0,0,0,0,0,0,0,0
OTU_235,0,0,0,79,9,0,2,1,4,45,0,0,0,0,0,0,0,0,0,0
OTU_236,93,26,116,1213,905,2,17,116,237,47,0,0,0,0,0,0,0,0,0,0
OTU_237,655,26,682,240,30,1547,1148,1193,1267,640,0,0,0,0,0,386,2,87,0,0
OTU_238,12,2,15,0,0,136,45,0,2,9,4,42,0,7,10,2,0,0,0,0
OTU_239,99,325,222,3457,0,0,0,0,0,1874,0,0,0,0,0,0,0,1,0,0
OTU_24,1414,2146,1541,0,0,0,0,0,0,0,0,0,0,0,0,0,0,0,0,0
OTU_240,0,0,1,0,7,4,0,29,24,7,0,3,57,0,5,0,0,1,76,0
OTU_241,0,0,0,0,0,0,0,1,0,0,0,0,32,0,372,0,167,0,29,0
OTU_242,0,0,0,0,0,24,144,7,38,1,0,0,0,0,0,0,0,55,126,0
OTU_243,0,0,0,0,1,27,0,2,0,0,0,0,786,0,1292,621,611,2,23,14
OTU_244,0,0,0,0,0,27,0,32,0,12,0,0,0,0,0,0,46,0,179,0
OTU_245,0,0,0,0,0,0,0,0,0,0,719,0,0,0,0,0,0,0,0,0
OTU_246,0,0,0,0,0,9,4,335,20,0,0,0,0,0,0,0,0,0,0,8
OTU_247,0,0,0,0,0,24,0,0,0,0,0,0,0,0,0,0,79,0,3,0
OTU_248,0,1,0,0,0,0,0,0,0,1,933,54,60,0,143,0,65,0,0,0
OTU_249,0,0,0,0,0,33,445,606,5,7,0,0,0,0,0,0,0,0,0,0
OTU_25,2859,1571,3260,2842,4043,0,0,259,38,541,0,0,0,0,0,0,0,0,0,1
OTU_250,94,25,73,0,0,0,0,0,0,0,0,0,0,0,0,0,0,0,0,0
OTU_251,0,0,0,13,23,21,0,0,0,0,0,0,0,0,0,0,26,2,0,0
OTU_252,0,0,0,0,0,0,0,516,0,0,0,0,0,0,0,0,0,0,0,0
OTU_253,117,27,112,35,0,0,0,86,0,20,0,0,0,0,0,0,0,0,0,0
OTU_254,0,0,0,0,0,0,0,0,0,0,75,0,11,0,8,0,16,6,261,0
OTU_255,88,2,40,321,553,513,290,1002,96,83,0,0,0,0,0,0,0,0,1,0
OTU_256,31,29,49,1,348,0,0,0,0,0,0,0,0,0,0,0,13,0,13,0
OTU_257,16,0,4,23,22,6,9,6,24,27,0,0,0,0,0,0,0,0,0,0
OTU_258,0,0,0,0,0,11,0,37,0,0,2,3,0,6,2,0,84,18,49,558
OTU_259,26,16,4,0,1,104,1,2,22,47,0,0,0,0,0,0,0,0,6,0
OTU_26,0,0,3,1026,1466,0,4,349,3121,522,0,0,0,0,0,0,0,0,0,0
OTU_260,0,0,0,569,37,0,0,0,0,106,0,0,0,0,0,0,0,0,0,0
OTU_261,65,1,75,6,10,28,5,34,35,14,0,0,0,0,0,0,0,0,0,0
OTU_262,0,0,0,0,0,0,0,1,0,0,0,455,12,0,94,0,0,643,0,0
OTU_263,0,0,0,0,0,0,0,0,0,0,38,11,0,22,0,22,45,0,76,0
OTU_264,5,1,4,3,0,0,22,0,196,18,0,0,0,0,0,0,0,0,0,0
OTU_265,31,0,0,15,0,0,1,33,20,3,0,0,0,0,0,2,6,4,58,2
OTU_266,0,0,0,0,0,0,0,0,0,0,2,1,23,0,40,0,12,0,3,0
OTU_267,0,0,0,0,0,258,207,0,48,15,0,0,0,0,0,0,0,0,0,0
OTU_268,0,0,0,17,18,13,2,0,21,37,0,0,0,0,0,0,0,0,0,0
OTU_269,0,0,3,0,0,52,9,31,14,25,0,3,2,1,11,0,0,0,22,0
OTU_27,0,0,0,0,0,0,0,0,0,0,3,0,0,3579,5,0,13,0,0,20
OTU_270,0,0,1,66,30,0,2,0,11,36,0,0,0,0,0,0,0,0,0,0
OTU_271,0,0,0,0,0,27,21,1,0,2,78,1657,255,52,685,465,435,114,241,2
OTU_272,0,0,1,136,0,0,55,0,1552,741,0,0,0,0,0,0,0,0,0,0
OTU_273,0,0,0,0,0,5,0,0,5,4,2,0,22,8,30,6,12,14,73,0
OTU_274,0,0,0,0,0,4,9,0,4,0,0,0,0,0,0,0,9,139,8,0
OTU_275,82,264,56,0,0,2588,143,50,2187,77,0,0,0,0,0,0,0,0,0,0
OTU_276,0,0,0,0,0,319,0,78,0,0,0,0,0,0,0,0,0,0,0,0
OTU_277,0,0,0,0,0,0,0,0,0,0,9,2,15,5,60,0,35,0,0,0
OTU_278,0,0,3,1,9,8,1,2,24,7,0,0,0,15,14,26,55,29,39,0
OTU_279,830,639,727,0,0,0,0,0,0,0,0,0,0,0,0,0,0,0,0,0
OTU_28,0,0,0,0,0,0,0,0,0,0,112,0,15,0,49,0,569,0,0,553
OTU_280,11,14,70,331,75,18,0,0,276,24,0,0,0,0,0,0,0,44,0,0
OTU_281,53,4,44,1331,826,0,0,259,202,217,0,0,0,0,0,0,0,0,0,0
OTU_282,0,12,0,36,247,0,0,0,18,0,0,0,0,0,0,0,0,0,0,0
OTU_283,19,11,15,2,15,258,48,181,223,67,16,12,127,20,187,0,3,0,69,4
OTU_284,0,0,0,0,0,0,0,0,0,0,370,106,0,0,0,0,13,0,323,0
OTU_285,1055,260,912,5,0,166,374,1,404,453,93,184,166,43,339,48,78,28,13,794
OTU_286,0,0,0,628,108,0,0,0,54,0,0,0,0,0,0,0,0,0,0,0
OTU_287,26,0,6,61,24,70,26,241,386,97,0,0,0,0,0,0,0,40,84,0
OTU_288,0,2,1,17,32,1,0,34,25,12,0,0,0,0,0,0,0,0,0,0
OTU_289,1,9,0,1,0,181,7,19,225,2,25,314,476,98,1531,2676,4740,4136,424,2901
OTU_29,17,0,6,0,0,221,0,0,0,9,0,0,26,39,63,15,0,0,20,2
OTU_290,3,14,8,251,182,0,1,0,0,16,0,0,0,0,0,0,0,0,0,0
OTU_291,31,44,16,1,0,0,0,0,7,1,0,0,0,0,1,20553,2,1566,20,0
OTU_292,3,0,2,146,1,0,35,0,122,0,0,0,0,0,0,0,0,0,0,0
OTU_293,0,0,0,0,0,0,9,0,359,0,0,0,0,0,0,0,0,3,0,0
OTU_294,503,248,620,8525,9934,2511,736,0,6756,92,0,0,0,0,0,1,0,0,1,0
OTU_295,0,0,0,19,19,0,0,16,40,0,0,0,0,0,0,0,0,0,0,0
OTU_296,0,0,0,0,1,243,0,0,0,2,105,22,0,21,80,16,5973,12,1471,0
OTU_297,145,82,177,0,0,0,0,0,0,0,0,0,0,0,0,0,0,0,0,0
OTU_298,0,0,0,0,0,0,0,0,0,0,0,0,0,0,0,114,0,0,0,0
OTU_299,0,0,2,0,9,0,0,305,315,47,0,0,0,0,0,0,0,0,0,0
OTU_3,4488,1128,4742,2380,2437,5013,6408,9989,9484,4214,0,2,0,0,0,97,971,1197,174,0
OTU_30,1669,153,1961,11702,4898,0,26,0,4013,194,0,0,0,0,0,1,0,0,0,0
OTU_300,1072,98,1149,55,97,0,0,0,0,0,0,0,0,0,0,0,0,0,0,0
OTU_301,127,1,142,0,0,16,121,0,0,0,0,0,0,0,0,0,0,0,0,0
OTU_302,23,20,27,14,8,0,0,0,40,60,0,0,0,0,0,0,0,0,0,0
OTU_303,0,79,0,762,0,0,0,0,0,0,0,0,0,0,0,0,0,0,0,0
OTU_304,0,2,0,0,0,77,10,42,266,5,3,2,0,11,4,0,0,0,39,87
OTU_305,0,1,0,164,83,0,0,0,0,0,0,0,0,0,0,0,0,0,0,0
OTU_306,0,0,0,548,235,0,0,0,0,0,0,0,0,0,0,0,0,0,0,0
OTU_307,0,1,0,0,0,49,115,435,1649,0,0,0,88,0,113,0,0,0,0,0
OTU_308,0,1,3,14,5,0,0,25,20,25,0,0,0,0,0,0,0,0,0,0
OTU_309,9,8,49,0,0,595,62,10,144,84,0,0,0,0,0,0,0,0,0,0
OTU_31,10,3,4,12,1,595,74,150,191,419,1825,7777,4519,2372,13950,80961,9124,37396,5147,59
OTU_310,0,1,6,0,0,0,0,0,73,271,0,0,0,0,0,0,0,0,0,0
OTU_311,159,42,123,0,38,145,155,532,1251,442,0,0,0,0,0,0,0,0,0,0
OTU_312,0,0,0,0,0,0,1,0,0,0,51,41,0,0,0,0,125,0,0,0
OTU_313,275,21,234,0,0,7,71,0,190,16,0,0,0,0,0,0,0,0,0,0
OTU_314,2,0,19,0,25,0,0,10,96,4,0,0,0,0,0,0,0,0,0,0
OTU_315,9,11,6,563,124,20,62,1668,19,1,0,0,0,0,0,0,0,0,0,0
OTU_316,0,0,0,0,0,5880,890,850,380,2682,745,624,6616,11546,17240,320,0,7,2938,0
OTU_317,259,671,322,0,0,0,0,0,0,0,0,0,0,0,0,0,0,0,0,0
OTU_318,1400,105,1235,174,135,242,720,246,1779,556,0,0,0,0,0,0,0,0,0,1
OTU_319,193,3,223,0,0,0,0,0,0,34,0,0,0,0,0,0,0,0,0,0
OTU_32,234,50,189,94,13,3606,844,2468,3573,781,137,197,336,180,662,0,46,0,840,61
OTU_320,0,0,0,0,0,91,0,120,0,0,0,0,0,0,0,0,34,420,0,0
OTU_321,0,0,0,0,0,2,0,0,0,0,2,2,0,0,1,0,135,0,12,0
OTU_322,0,0,0,0,0,0,0,0,0,0,0,2,0,0,0,31,253,13,0,0
OTU_323,0,0,0,0,0,0,0,0,0,1,4,20,0,0,0,24,119,81,3,70
OTU_324,0,0,0,0,0,0,3,0,2,0,16,37,4,1,16,1,14,0,8,0
OTU_325,0,0,0,2,0,4,0,70,2,0,0,0,0,0,0,0,0,0,0,0
OTU_326,0,0,0,0,0,0,0,0,592,0,0,0,0,0,0,0,0,0,0,0
OTU_327,0,0,2,58,56,0,0,15,0,8,0,0,0,0,0,0,0,0,0,0
OTU_328,0,1,0,61,89,0,0,16,0,72,0,0,0,0,0,0,0,0,1,0
OTU_329,64,8,66,0,0,0,22,0,0,0,0,0,0,0,0,0,0,0,0,0
OTU_33,2408,1262,2190,86,5,129,2,6,861,87,0,2,713,9,1946,0,0,0,0,0
OTU_330,0,0,0,0,0,6,0,5,0,0,11,3,1,4,6,1,3,6,0,0
OTU_331,3,77,3,2598,554,0,0,149,391,240,0,0,0,0,0,0,0,1,0,0
OTU_332,0,0,0,0,0,161,11,0,156,110,0,0,0,0,0,0,28,0,0,26
OTU_333,0,0,0,2442,395,0,0,0,0,0,0,0,0,0,0,0,0,0,0,0
OTU_334,21,0,9,0,0,790,0,0,0,36,10,8,154,85,287,60,5,0,37,21
OTU_335,0,0,0,30,6,0,2,8,32,0,0,0,0,0,0,0,0,0,0,0
OTU_336,0,0,0,0,0,157,48,0,0,86,0,0,0,0,0,0,0,0,0,0
OTU_337,0,0,0,0,0,0,0,8,4,0,6,2,24,0,80,0,58,0,3,0
OTU_338,0,0,0,0,0,0,0,200,109,10,0,0,0,0,0,0,0,0,0,0
OTU_339,0,0,0,0,0,7,1,6018,0,0,0,77,0,0,1,0,0,0,0,0
OTU_34,237,60,260,233,275,0,113,311,1669,373,0,0,0,0,0,0,0,0,0,0
OTU_340,0,0,0,0,0,457,0,0,493,0,20,0,6,81,23,2,406,0,0,0
OTU_341,0,2,2,0,0,41,3,29,34,4,1,1,1,1,7,0,0,0,7,1
OTU_342,0,0,0,0,0,9,11,100,23,6,0,0,0,0,0,0,0,0,0,0
OTU_343,0,0,0,0,0,1,67,80,10,4,0,0,0,0,0,0,0,25,0,0
OTU_344,0,1,0,40,8,0,2,27,10,19,0,0,0,0,0,0,0,0,0,0
OTU_345,83,2,45,0,0,3,0,0,0,0,0,5,0,0,0,1,13,0,6,51
OTU_346,3,7,8,19,6,30,7,15,153,16,0,0,0,1,0,0,5,0,7,0
OTU_347,0,0,0,0,0,0,0,1,0,2,0,521,404,515,1012,0,3707,1580,10,0
OTU_348,0,0,0,0,0,29,0,22,0,17,0,0,0,0,0,0,47,0,17,0
OTU_349,143,96,161,0,0,0,0,0,340,9,0,33,0,0,0,0,0,1,0,26
OTU_35,3143,2091,2668,0,0,0,0,0,0,2,0,0,0,0,0,0,0,0,0,1
OTU_350,53,12,50,40,17,4,29,56,602,133,0,0,0,0,0,0,0,0,0,0
OTU_351,0,0,0,0,0,19,0,0,0,0,5,17,0,6,46,0,460,11,0,7
OTU_352,0,0,0,0,0,0,0,0,0,0,0,0,0,1,11,56,83,1,0,0
OTU_353,0,1,1,0,4,104,0,0,0,22,0,0,0,0,0,0,0,0,0,0
OTU_354,0,0,0,0,0,24,0,0,0,0,0,0,0,0,0,0,72,0,0,0
OTU_355,2,5,22,78,56,0,0,0,0,55,0,0,0,0,0,0,0,0,0,0
OTU_356,0,0,0,0,0,0,0,0,0,0,1168,1,156,12,339,365,391,10,0,0
OTU_357,6,19,5,51,52,4,4,0,0,0,97,66,6,48,13,3,25,8,120,3
OTU_358,0,0,0,0,0,266,0,0,670,2,0,0,0,0,0,0,0,0,0,0
OTU_359,0,0,1,4,6,0,2423,55,7358,1038,0,0,0,0,0,1,0,0,0,0
OTU_36,0,0,0,0,0,45,0,0,0,0,215,363,23,56,79,1322,363,443,152,33
OTU_360,0,2,1,0,0,8,6,0,0,8,0,0,0,18,4,0,15,0,86,2
OTU_361,0,0,0,0,0,258,5,25,15,78,7,10,35,54,200,1,0,0,16,0
OTU_362,0,2,0,77,6,7,18,20,10,0,4990,893,535,1662,946,2369,6,63,179,0
OTU_363,6,8,2,85,10,38,0,0,0,0,0,0,2,0,2,99,25,187,69,0
OTU_364,0,0,0,0,0,0,0,0,41,21,0,0,0,0,0,0,0,0,0,175
OTU_365,0,0,0,0,0,0,0,0,0,0,2594,0,1631,570,4393,0,0,0,0,0
OTU_366,14,0,1,0,0,100,0,1,0,5,17037,47,466,235,1236,3,1225,1,586,0
OTU_367,0,13,5,564,579,0,0,0,88,0,0,0,0,0,0,0,0,0,1,0
OTU_368,147,4,138,782,703,0,83,1112,471,1314,0,0,0,0,0,0,0,0,0,5
OTU_369,1061,234,1175,0,0,522,0,1,6793,1708,0,0,0,0,0,0,0,0,0,0
OTU_37,1278,1901,1097,0,0,0,1,0,1,0,0,0,1,0,0,0,0,0,0,2
OTU_370,43,14,33,726,522,18,167,149,164,857,0,0,0,0,0,0,0,0,0,0
OTU_371,0,0,0,0,0,0,0,0,0,0,101,127,0,0,0,0,0,2,0,0
OTU_372,0,0,0,0,0,34,0,68,0,6,0,0,0,0,0,0,0,9,0,0
OTU_373,68,2,50,0,0,0,0,0,0,0,0,0,0,0,0,0,0,0,0,0
OTU_374,16,2,4,1473,17,0,0,0,0,0,0,0,0,0,0,0,0,0,0,0
OTU_375,66,24,48,0,0,0,0,0,177,31,0,0,0,0,0,0,0,0,0,0
OTU_376,32,5,58,0,11,101,4,194,179,0,9,0,60,15,154,0,209,0,343,0
OTU_377,0,0,0,0,0,23,7,28,0,0,0,1,0,4,0,0,0,9,0,104
OTU_378,0,0,0,1,19,0,1,8,2,7,0,0,0,0,0,0,0,0,0,0
OTU_379,0,0,0,0,0,2,0,0,0,0,0,0,10,17,57,35,11,0,0,0
OTU_38,29,5,13,476,370,7,74,152,234,421,0,0,0,0,0,0,0,0,0,0
OTU_380,0,0,0,0,0,0,0,0,0,0,4,0,8,8,23,0,30,0,0,0
OTU_381,0,0,0,0,0,79,425,101,108,0,0,0,0,0,0,0,0,689,0,0
OTU_382,4,7,23,82,39,155,309,183,181,167,0,0,0,0,0,0,0,0,0,0
OTU_383,0,0,0,0,0,0,0,0,0,0,0,0,0,43,120,470,0,0,0,0
OTU_384,18,25,55,1246,1239,65,89,1844,953,1464,0,0,0,0,0,0,0,0,0,0
OTU_385,0,1,4,43,59,1,17,10,40,58,0,0,0,0,0,0,0,0,0,0
OTU_386,0,0,0,73,61,0,0,0,0,0,0,0,0,0,0,0,0,0,0,0
OTU_387,0,1,0,0,0,327,19,5731,208,1792,0,0,0,0,0,0,0,0,0,0
OTU_388,23844,4576,23573,0,0,0,1,3,47,32,3,10,2248,186,6090,5,0,0,0,3
OTU_389,6813,2977,7420,0,0,0,1,385,200,46,0,0,0,0,0,1,0,0,0,1
OTU_39,0,0,2,2137,921,0,0,0,0,0,0,0,0,0,0,0,0,0,0,0
OTU_390,0,0,0,0,0,81,0,0,0,0,92,66,91,31,158,0,19,0,130,123
OTU_391,0,115,0,1531,823,0,0,0,0,0,0,0,0,0,0,0,0,0,1,0
OTU_392,0,0,0,0,0,0,0,0,0,0,0,0,213,0,581,6,590,0,0,0
OTU_393,0,0,0,0,0,18,60,44,125,43,43,54,245,34,561,0,235,3,260,76
OTU_394,0,0,0,0,0,6,0,0,0,0,0,0,29,4,24,0,2,1,0,4
OTU_395,0,0,0,0,0,0,1,0,0,0,0,942,0,0,1,0,0,0,0,0
OTU_396,0,0,0,17,30,0,8,122,6,25,0,0,0,0,0,0,0,0,0,0
OTU_397,0,0,0,0,0,0,0,0,1,26,0,104,133,2,315,8,56,67,24,40
OTU_398,23,3,5,21,12,0,0,0,5,16,0,0,0,0,0,0,0,0,0,0
OTU_399,0,2,0,16,4,0,0,0,0,10,0,0,0,0,0,0,0,0,0,0
OTU_4,2420,268,2870,27222,42712,525,8899,7919,11248,28801,0,2,0,0,0,1,2,0,3,0
OTU_40,170,10,122,114,42,395,76,469,111,107,0,0,0,0,0,0,0,0,0,0
OTU_400,167,4,161,0,0,0,0,0,0,0,0,0,0,0,0,0,0,0,0,0
OTU_401,21,21,12,37,34,0,0,24,68,24,0,0,0,0,0,0,0,0,0,0
OTU_402,0,0,0,0,0,0,0,0,0,0,0,0,0,93,0,0,0,0,0,0
OTU_403,146,12,96,0,3,1,83,20,20,4,0,0,0,0,0,0,11,0,0,14
OTU_404,74,24,79,0,0,14,1,0,0,0,0,0,0,0,0,0,0,0,0,0
OTU_405,0,5,0,125,106,0,0,85,0,0,0,0,0,0,0,0,0,0,0,0
OTU_406,0,0,0,0,0,0,0,0,0,0,4,0,0,0,0,0,30,0,0,22
OTU_407,34,88,33,1026,81,0,9,0,0,1,0,0,0,0,0,0,0,0,0,0
OTU_408,0,10,0,351,386,0,0,0,0,382,0,0,0,0,0,0,0,0,0,0
OTU_409,0,0,0,0,0,0,0,0,0,0,0,2,33,10,34,0,19,0,0,0
OTU_41,2,0,0,0,1,1567,966,2415,414,179,224,1403,1448,453,4030,60,1591,578,1846,195
OTU_410,1572,704,1603,1846,4058,0,23,2487,1589,8158,0,0,0,0,0,0,0,0,0,1
OTU_411,154,8,120,45,95,55,447,179,261,234,0,0,0,0,0,0,0,9,2,33
OTU_412,0,0,0,0,0,0,0,0,0,0,12,1,10,12,94,0,18,0,0,0
OTU_413,0,0,12,0,0,27,0,0,70,0,0,0,0,0,0,0,0,0,0,33
OTU_414,0,0,1,35,9,0,1,3,2,18,0,0,0,0,0,0,0,0,0,0
OTU_415,0,0,0,0,0,0,0,0,121,0,0,0,0,0,0,0,0,0,0,0
OTU_416,0,0,0,0,0,0,8,398,19,0,0,0,0,0,0,0,0,0,0,0
OTU_417,0,0,0,0,0,36,0,0,0,0,14,0,0,0,0,0,453,0,0,0
OTU_418,0,0,0,241,0,0,0,0,0,0,0,0,0,0,0,0,17,0,0,0
OTU_419,0,0,0,10,1,2,0,20,16,10,0,0,0,0,0,0,12,5,0,0
OTU_42,0,1,0,0,1,28,4,8,0,4,58803,7537,9154,12798,26163,940,11841,60,4469,0
OTU_420,0,0,0,0,0,85,4,0,1,0,0,1041,0,0,0,0,1,3,0,0
OTU_421,0,0,0,0,0,0,0,0,0,0,0,0,0,0,0,0,0,655,0,0
OTU_422,0,0,0,0,0,0,0,0,0,0,0,0,38,3,192,0,0,0,0,0
OTU_423,0,0,0,7,49,0,0,0,142,39,0,0,0,0,0,0,0,0,0,0
OTU_424,0,0,0,0,0,0,0,931,0,0,0,0,0,0,0,0,0,0,0,0
OTU_425,0,0,0,1,53,0,0,0,0,0,0,0,0,0,0,0,0,0,0,0
OTU_426,0,0,0,6,0,0,0,0,16,0,67,0,0,0,1,0,3,0,3,0
OTU_427,0,0,0,0,0,0,0,0,0,0,7,0,0,0,0,0,19,0,0,23
OTU_428,0,0,0,0,24,0,1,0,3,60,0,0,0,0,0,0,0,0,0,0
OTU_429,0,4,2,0,1,5,0,0,64,1,0,0,0,0,0,0,0,0,0,0
OTU_43,0,0,0,0,0,0,0,0,0,0,0,313,0,0,0,0,1090,0,319,0
OTU_430,0,0,1,8,6,1,2,3,32,4,0,0,0,0,0,0,0,1,0,0
OTU_431,0,0,0,0,0,9,0,0,0,0,0,0,0,0,0,0,10,0,9,0
OTU_432,0,0,0,0,0,6,0,0,0,0,0,0,0,0,1,1,122,0,170,0
OTU_433,0,0,0,0,0,5,0,0,7,2,0,0,7,5,0,2,1,0,10,1
OTU_434,104,4,75,0,0,0,0,0,0,0,0,0,0,0,0,0,0,0,0,0
OTU_435,12,0,10,0,12,22,15,16,0,79,0,0,0,0,4,0,0,4,0,0
OTU_436,147,46,184,17,337,79,11,619,794,213,0,0,0,0,0,1,0,10,0,0
OTU_437,0,0,0,31,0,0,5,19,0,0,0,0,0,0,0,0,0,0,0,0
OTU_438,139,54,174,50,0,0,0,0,0,0,0,0,0,0,0,0,0,0,0,0
OTU_439,36,19,55,241,188,76,4,24,17,55,10,0,3,7,6,0,11,0,8,0
OTU_44,22,16,37,289,459,2910,51,846,4125,149,106,60,68,219,270,190,427,252,283,365
OTU_440,256,66,275,0,0,0,0,0,90,222,0,0,0,0,0,0,0,0,0,0
OTU_441,10,148,21,1761,887,0,1,0,0,0,0,0,0,0,0,0,0,0,0,0
OTU_442,196,34,195,145,72,192,650,786,427,337,0,0,0,0,0,0,0,0,0,0
OTU_443,0,0,0,0,0,0,0,0,0,0,1,0,48,16,123,0,134,0,0,0
OTU_444,0,0,0,6,129,0,0,0,0,0,0,0,0,0,0,0,0,0,0,0
OTU_445,0,0,0,0,0,0,0,0,0,0,0,0,0,0,0,0,0,36,109,0
OTU_446,0,0,0,19,47,11,34,8,108,117,0,0,0,0,0,0,0,0,0,0
OTU_447,0,0,0,0,32,0,0,0,14,1,0,0,0,0,0,0,0,0,0,0
OTU_448,3,7,2,135,206,23,16,38,146,51,49,12,0,8,1,0,7,0,102,0
OTU_449,94,4,94,0,86,0,0,47,526,95,0,0,0,0,0,0,0,0,0,0
OTU_45,0,0,0,0,0,615,1338,99,61,1918,0,1,0,0,0,0,0,0,0,0
OTU_450,0,0,0,27,140,0,0,0,0,0,0,0,0,0,0,0,0,0,0,0
OTU_451,53,2,25,0,0,0,0,13,0,4,0,0,0,0,0,0,0,0,0,0
OTU_452,12,26,30,0,0,0,0,0,0,0,0,0,0,0,0,0,0,0,30,0
OTU_453,4,0,7,0,0,6,104,41,332,18,0,0,0,0,0,0,0,0,0,557
OTU_454,0,0,3,12,87,0,0,0,0,19,0,0,0,0,0,0,0,0,0,0
OTU_455,14,15,11,660,503,0,0,0,146,1,0,0,0,0,0,0,0,0,0,0
OTU_456,0,0,0,0,0,24,0,0,38,0,0,0,0,0,0,0,0,0,0,16
OTU_457,0,0,0,0,0,7,0,0,0,0,5,0,0,2,2,0,8,0,52,7
OTU_458,9,1,16,0,0,15,0,0,0,0,0,0,0,0,0,0,0,0,0,0
OTU_459,359,0,333,0,0,0,0,0,0,400,0,0,0,0,0,0,0,0,0,1
OTU_46,29,3,15,159,168,0,62,14,48,193,0,0,0,0,0,0,0,0,0,0
OTU_460,0,0,0,23,1,0,0,0,0,26,0,0,0,0,0,0,0,0,0,0
OTU_461,0,0,0,0,0,0,0,0,0,0,0,14,0,0,0,0,52,0,30,0
OTU_462,0,0,0,0,0,0,27,40,9,1,0,0,0,0,0,0,0,0,0,0
OTU_463,0,5,1,4,0,14,1,25,7,5,0,0,0,0,0,0,0,0,0,0
OTU_464,0,50,0,0,0,0,0,0,0,0,0,0,0,0,0,0,0,0,0,0
OTU_465,0,4,5,9,0,26,1,11,51,1,2,2,3,7,0,48,20,9,42,0
OTU_466,0,0,0,0,0,0,0,0,0,0,0,0,0,0,0,0,0,0,0,287
OTU_467,0,0,0,0,0,172,0,0,0,0,0,0,0,0,0,0,0,1,38,0
OTU_468,33,4,40,42,35,0,5,41,234,69,0,0,0,0,0,0,0,0,0,0
OTU_469,15,0,15,0,0,1,0,0,9,0,0,0,0,0,0,0,0,0,0,0
OTU_47,595,619,655,0,0,0,0,0,0,0,0,0,0,0,0,0,0,0,0,0
OTU_470,0,0,0,0,0,0,0,0,0,0,0,25,0,0,13,0,59,0,47,0
OTU_471,0,78,3,0,0,0,0,0,0,24,0,0,0,0,0,0,0,0,0,0
OTU_472,60,0,37,0,0,0,0,0,0,0,0,0,0,0,0,0,0,0,0,0
OTU_473,0,0,0,0,0,0,0,0,0,0,0,165,118,11,418,0,23,0,0,0
OTU_474,0,0,0,0,0,0,0,2,0,0,0,0,1836,2,4892,0,9,0,0,0
OTU_475,0,0,0,0,0,0,0,0,0,0,0,38,0,0,0,5,160,43,0,0
OTU_476,0,0,3,0,0,0,0,0,30,0,0,0,0,0,0,0,0,0,0,0
OTU_477,39,0,0,17,0,0,0,0,0,0,1,0,0,91,5,3,0,1,0,0
OTU_478,0,0,0,0,0,0,326,0,0,0,0,0,0,0,0,0,0,0,0,0
OTU_479,0,0,0,0,0,0,0,1,0,0,0,33,464,0,1007,0,0,2,0,0
OTU_48,0,113,0,646,0,0,0,0,0,0,0,0,0,0,0,0,0,0,0,0
OTU_480,0,0,0,0,0,0,0,0,0,0,0,10,0,0,0,0,35,0,0,49
OTU_481,77,6,56,0,1,0,65,0,0,0,0,0,0,0,0,0,0,0,0,0
OTU_482,0,0,0,0,0,396,0,0,0,0,0,0,46,0,63,0,0,0,0,0
OTU_483,0,0,0,124,33,0,0,0,0,0,0,0,0,0,0,0,0,0,0,0
OTU_484,0,0,0,9,0,0,0,107,74,27,0,0,0,0,0,0,0,0,0,0
OTU_485,0,0,0,0,0,28,45,0,6,5,0,0,0,0,0,0,7,1,0,80
OTU_486,0,1,0,0,0,9,0,0,11,0,5,3,0,0,2,0,0,0,24,0
OTU_487,15,0,4,100,5,0,0,0,0,0,0,0,0,0,0,0,0,0,0,0
OTU_488,0,121,0,0,0,0,0,0,0,0,0,0,0,0,0,0,0,0,0,0
OTU_489,25,0,10,3,0,1,0,0,5,0,0,0,0,0,0,22,0,28,0,0
OTU_49,308,120,301,270,24,7928,2753,5739,6701,1558,342,560,615,281,1942,2,508,1,1520,282
OTU_490,0,0,0,0,0,111,3,7,27,0,0,0,0,0,0,0,0,0,0,0
OTU_491,0,0,0,0,0,0,0,0,0,0,32,0,0,0,0,0,0,0,0,0
OTU_492,0,0,0,0,86,12,0,60,0,99,0,0,0,0,0,0,0,0,0,0
OTU_493,391,7,439,0,0,3,3816,70,23,8,0,0,0,0,0,0,0,0,0,0
OTU_494,0,0,0,0,0,120,0,0,0,4,0,0,7,18,27,8,0,0,1,5
OTU_495,0,1,1,10,11,9,0,6,5,0,0,0,0,0,0,5,11,1,0,0
OTU_496,56,1,54,481,431,0,1,75,13,58,0,0,0,0,0,1,0,0,0,0
OTU_497,0,0,0,0,0,0,0,0,0,0,0,8,0,0,0,0,23,0,35,0
OTU_498,3,0,0,14,59,19,1,22,12,7,0,0,0,1,2,1,10,0,5,0
OTU_499,0,0,0,0,0,2,2,0,1,0,4,4,0,2,0,10,11,17,2,114
OTU_5,0,0,0,0,0,0,1,0,0,1,0,2699,0,0,0,0,5208,0,1220,0
OTU_50,2791,3894,2583,0,0,0,0,0,0,0,0,0,0,1,0,0,0,0,0,0
OTU_500,0,1,0,0,0,50,0,10,4,1,1,72,6236,1145,16597,5146,1226,56,190,0
OTU_501,0,0,0,0,1,0,0,0,0,0,0,13,0,0,0,0,47,0,25,0
OTU_502,115,11,143,5,38,0,0,0,0,0,0,0,0,0,0,0,0,0,0,0
OTU_503,253,343,262,0,0,0,0,0,0,0,0,0,0,0,0,0,0,0,0,0
OTU_504,372,21,407,58,452,6,388,1,4870,123,0,0,0,0,0,0,0,0,0,0
OTU_505,0,0,0,0,0,0,0,0,0,0,0,0,0,0,0,0,0,186,0,0
OTU_506,0,0,0,0,0,0,0,0,0,0,5,0,0,0,0,0,15,0,0,14
OTU_507,0,0,0,28,0,0,1,0,0,370,0,0,0,0,0,0,0,0,0,0
OTU_508,0,0,0,0,0,0,4,2,0,18,0,0,0,0,0,0,0,0,0,0
OTU_509,0,60,0,0,0,0,1,0,0,0,0,0,0,0,0,0,0,0,0,0
OTU_51,0,0,0,0,0,0,0,0,0,0,97,0,20,0,35,0,325,0,0,278
OTU_510,0,13,0,37,78,0,0,520,6,123,0,0,0,0,0,0,0,0,0,0
OTU_511,0,0,0,0,0,0,0,0,306,0,0,0,0,0,0,0,0,0,0,0
OTU_512,0,0,0,0,0,0,0,2,0,0,0,48,163,3404,504,0,1205,248,12,0
OTU_513,15,0,0,0,0,0,0,0,1,0,0,0,16,0,0,0,0,0,0,0
OTU_514,0,0,0,18,18,0,0,0,0,0,0,0,0,0,0,0,0,0,0,0
OTU_515,0,0,0,38,1,0,55,31,21,27,0,0,0,0,0,0,0,0,0,0
OTU_516,0,0,0,41,0,0,0,0,0,0,0,0,0,0,0,0,0,0,0,0
OTU_517,0,0,6,23,29,1,0,5,143,140,0,0,0,0,0,0,0,0,0,0
OTU_518,0,0,0,0,0,0,0,0,408,0,0,0,0,0,0,0,0,0,0,0
OTU_519,569,178,577,236,42,55,6,59,270,89,0,0,0,0,0,0,0,0,0,0
OTU_52,23,2,10,1,0,42,22,117,0,0,0,1,13,8,41,493,73,1440,215,0
OTU_520,0,0,1,0,0,1,0,4,28,2,0,1,4,2,15,0,0,2,74,0
OTU_521,8,0,4,9,0,7,9,0,17,6,0,0,0,0,0,0,0,2,0,0
OTU_522,0,0,0,33,0,0,0,0,0,0,0,0,0,0,0,0,0,0,0,0
OTU_523,0,0,0,0,0,0,0,350,0,0,0,0,0,0,0,0,0,0,0,0
OTU_524,0,0,0,0,0,0,0,0,0,0,0,57,0,14,0,10,8,0,0,0
OTU_525,0,0,0,0,0,0,0,0,0,0,39,0,0,0,0,5,0,0,0,0
OTU_526,0,19,0,244,0,0,0,0,0,0,0,0,0,0,0,0,0,0,0,0
OTU_527,0,0,0,51,0,0,0,0,0,0,0,0,0,0,0,0,0,0,0,0
OTU_528,15,0,14,0,0,24,13,0,0,1,0,17,0,0,11,5,100,3,0,221
OTU_529,4,0,4,16,6,0,0,2,1,0,0,0,0,0,0,0,0,0,0,0
OTU_53,0,0,0,0,0,823,0,494,53,7,0,0,0,0,0,0,0,0,0,0
OTU_530,0,1,0,0,0,11,4,11,1,3,0,0,0,0,0,0,0,0,0,0
OTU_531,0,0,0,38,57,0,0,23,0,0,0,0,0,0,0,0,0,0,0,0
OTU_532,10,0,0,0,0,19,2,0,0,0,0,0,0,0,0,0,0,0,0,0
OTU_533,0,0,0,0,0,0,0,0,0,0,1,2,28,5,55,0,13,0,0,0
OTU_534,0,0,0,0,0,0,0,0,0,0,0,0,0,0,0,0,265,0,0,0
OTU_535,0,1,0,0,0,0,2,0,0,0,0,0,0,22,51,2,0,0,18,0
OTU_536,0,0,0,0,0,0,383,0,0,19,0,0,0,0,0,2,0,0,0,0
OTU_537,3311,1622,3340,183,509,10556,5606,6196,2424,2607,0,0,0,0,0,0,29,19,355,1
OTU_538,0,0,5,0,0,1,2,0,239,0,0,0,0,0,0,0,0,0,0,0
OTU_539,0,0,0,0,0,0,0,0,0,0,0,0,0,0,0,0,84,0,0,0
OTU_54,46,38,58,47,6,184,267,621,377,483,0,0,0,0,0,85,34,180,0,0
OTU_540,42,8,29,0,0,0,8,0,2,0,0,0,0,0,0,0,0,0,0,0
OTU_541,47,53,48,0,0,0,0,0,0,0,0,1,0,0,0,0,0,0,0,0
OTU_542,0,0,0,0,0,0,0,0,0,330,0,0,0,0,0,0,0,0,0,0
OTU_543,0,0,0,0,0,312,0,0,0,0,72,21,13,12,58,17,5038,4,1954,0
OTU_544,0,42,0,0,0,0,1,0,0,0,0,0,0,0,0,0,0,0,0,0
OTU_545,248,0,238,0,0,0,0,0,0,0,0,0,0,0,0,0,0,0,0,0
OTU_546,0,0,0,56,0,0,0,0,13,18,0,0,0,0,0,0,0,0,0,0
OTU_547,14,14,24,0,10,15,0,66,25,0,0,0,0,7,0,0,0,0,0,0
OTU_548,1,0,3,0,0,0,0,0,1046,168,0,0,0,0,0,0,0,0,0,0
OTU_549,0,0,0,564,0,0,0,0,0,94,0,0,0,0,0,0,0,0,0,0
OTU_55,2834,2346,3436,61,156,754,215,196,333,919,1,0,0,0,0,4,0,0,0,0
OTU_550,0,0,0,0,0,0,0,242,0,0,0,0,0,0,0,0,0,2,0,0
OTU_551,42,37,11,0,30,0,0,0,0,0,0,0,0,0,0,0,0,0,0,0
OTU_552,0,0,0,0,0,0,0,621,0,0,0,0,0,0,0,0,25,30,0,0
OTU_553,0,0,0,0,0,34,0,0,0,3,0,0,0,0,0,0,0,0,0,0
OTU_554,0,0,0,0,0,0,0,0,81,0,0,0,0,0,0,0,0,0,0,0
OTU_555,0,0,1,0,0,5,2,0,0,0,0,0,26,4,27,2,0,0,0,0
OTU_556,0,0,0,15,0,0,21,4,0,277,0,0,0,0,0,0,0,0,0,0
OTU_557,0,0,0,0,0,19,11,0,20,0,18,1,0,0,0,0,7,0,32,5
OTU_558,0,0,0,0,0,5,0,0,12,0,6,1,109,23,176,18,524,24,1008,9
OTU_559,0,0,0,298,0,0,0,0,0,0,0,0,0,0,0,0,0,0,0,0
OTU_56,0,0,1,0,0,45,0,0,0,4,0,0,10,10,15,3,0,0,0,0
OTU_560,0,0,0,0,0,0,0,70,0,0,0,0,0,0,0,0,0,0,0,0
OTU_561,0,0,0,0,0,0,0,0,0,0,12,0,0,0,1,0,53,0,0,29
OTU_562,0,0,0,39,12,0,0,0,0,12,0,0,0,0,0,0,0,0,0,0
OTU_563,0,0,0,16,0,0,24,68,24,22,0,0,0,0,0,0,0,0,0,0
OTU_564,0,0,0,0,0,0,5,19,42,17,0,0,0,0,0,0,0,0,0,0
OTU_565,0,0,3,0,0,0,0,0,0,0,0,0,6,13,17,0,1,0,6,1
OTU_566,0,0,0,0,0,0,0,0,0,0,0,4,0,0,0,0,21,0,10,0
OTU_567,0,0,0,0,0,7,7,0,0,5,14,7,12,19,22,3,16,13,119,14
OTU_568,31,0,62,0,0,0,0,0,0,0,0,0,0,0,0,0,0,0,0,0
OTU_569,0,0,5,99,5,2553,14,6,80,7,3,45,79,31,87,4722,971,10242,3684,10
OTU_57,162,246,191,40,26,8038,17248,67,422,11920,126587,99473,59295,97533,143702,78021,30939,179268,79512,135220
OTU_570,7,1,19,0,0,0,13,0,3294,0,0,0,0,0,0,0,0,0,0,0
OTU_571,0,0,0,0,0,5,0,0,0,0,5,29,21,19,26,16,90,2,36,6
OTU_572,0,0,1,0,0,5,0,0,3,0,0,0,0,5,3,0,4,0,21,0
OTU_573,2,0,0,0,0,30,0,0,11,0,0,0,0,0,0,0,0,0,0,0
OTU_574,0,0,0,0,0,85,0,0,0,15,0,0,0,0,0,0,0,1,0,0
OTU_575,0,0,0,0,41,0,0,0,0,0,0,0,0,0,0,0,0,0,0,0
OTU_576,43,15,71,0,0,0,35,0,505,8,0,0,0,0,0,0,0,0,0,225
OTU_577,383,177,310,0,0,0,0,0,0,0,0,0,0,0,0,0,0,0,0,0
OTU_578,0,0,0,1,0,0,1,10,6,1,0,0,0,0,0,0,0,0,48,0
OTU_579,0,0,0,0,0,0,0,0,0,0,30,0,0,0,0,0,0,0,0,32
OTU_58,51,35,25,0,20,449,24,144,161,192,0,0,0,0,0,0,0,0,18,0
OTU_580,68,3,82,7,21,51,44,104,77,42,0,0,0,0,35,0,0,0,0,10
OTU_581,6,10,5,0,6,147,5,46,67,27,0,0,0,0,0,0,0,0,0,0
OTU_582,0,0,0,0,0,0,0,0,0,0,0,0,52,4,15,0,0,0,0,0
OTU_583,0,0,0,0,0,0,0,0,0,0,0,16,0,0,0,0,50,0,27,0
OTU_584,0,0,0,0,0,0,0,0,134,0,0,0,0,0,0,0,0,0,0,0
OTU_585,0,0,0,8,22,4,0,3,4,0,0,0,0,0,0,0,0,0,2,0
OTU_586,15,0,4,0,0,0,0,0,0,0,0,0,0,0,0,0,0,0,0,67
OTU_587,0,0,0,0,0,0,0,0,0,2,0,0,0,0,0,0,0,165,0,0
OTU_588,0,0,0,0,2,27,0,4,16,5,0,0,0,0,0,3,1,2,20,0
OTU_589,0,0,0,0,0,0,0,0,0,0,56,21,0,0,0,0,0,0,0,0
OTU_59,0,3621,5,0,0,0,519,0,0,0,0,0,0,0,0,0,0,0,0,0
OTU_590,0,0,2,14,159,0,0,0,0,0,0,0,0,0,0,0,0,0,0,0
OTU_591,7,3,8,0,0,0,0,0,0,0,0,0,0,0,0,0,0,0,22,0
OTU_592,0,1,0,5,2,2,5,19,4,2,2,3,0,2,4,3,8,1,3,0
OTU_593,0,8,0,21,0,0,0,0,0,0,0,0,0,0,0,0,0,0,0,0
OTU_594,46,10,70,0,0,0,0,0,0,1,0,0,0,0,0,0,0,0,0,0
OTU_595,0,0,0,0,0,0,0,0,0,0,107,294,47,37,87,747,221,0,0,0
OTU_596,0,8,7,130,77,2,11,185,321,39,0,0,0,0,0,0,0,0,0,0
OTU_597,1,0,2,0,0,35,0,0,0,0,33,3,3,56,32,0,332,0,460,0
OTU_598,0,0,0,0,0,0,0,0,0,0,1,0,15,0,1,0,6,0,0,10
OTU_599,0,102,1,163,95,0,0,0,0,430,0,0,0,0,0,0,0,0,0,0
OTU_6,0,0,0,0,0,1,0,0,0,0,278,0,60,0,100,0,1210,0,0,1272
OTU_60,7,1,10,209,152,14,53,33,105,183,0,0,0,0,0,0,0,0,0,0
OTU_600,0,0,0,0,0,0,0,0,0,0,0,8,0,0,0,0,38,0,8,0
OTU_601,0,0,0,0,0,0,0,0,0,0,0,5,0,0,0,0,27,0,1,0
OTU_602,0,0,0,0,0,28,5,223,0,3,0,0,0,0,0,0,0,0,0,0
OTU_603,30,1,9,17,0,76,0,3,2,1,0,2,12,1,13,591,5,276,65,34
OTU_604,0,0,0,0,0,3,0,0,0,0,65,0,0,13,14,0,14,0,1,0
OTU_605,0,0,0,2796,3,0,0,0,0,0,0,0,0,0,0,0,0,0,0,0
OTU_606,0,0,0,0,0,0,0,0,0,258,0,0,0,0,0,0,0,0,0,0
OTU_607,0,6,0,0,0,54,0,0,0,227,0,0,0,0,0,0,0,0,16,0
OTU_608,0,0,0,0,0,0,0,0,299,0,0,0,0,0,0,0,0,0,0,0
OTU_609,0,0,0,327,166,0,0,0,0,0,0,0,0,0,0,0,0,0,0,0
OTU_61,620,2357,777,79,277,8821,1438,3229,2980,1142,1,0,0,0,0,102,110,8,111,0
OTU_610,0,9,10,20,235,0,0,0,0,45,0,0,0,0,0,0,0,0,0,0
OTU_611,0,0,0,0,0,16,0,0,0,2,0,0,0,0,2,3,11,0,16,0
OTU_612,0,0,0,0,0,0,0,0,0,0,0,1,0,0,0,0,6,0,17,0
OTU_613,0,0,0,0,0,0,0,0,0,0,2,0,0,0,0,0,21,0,0,21
OTU_614,26,29,32,0,2,0,0,0,0,0,0,0,0,0,0,0,0,0,0,0
OTU_615,10,2,16,0,0,55,0,0,21,0,0,0,0,0,0,0,0,0,0,0
OTU_616,0,79,0,0,0,0,0,0,0,0,0,0,0,0,0,0,0,0,0,0
OTU_617,0,0,0,0,0,0,0,0,0,0,0,0,8,0,5,0,0,42,0,0
OTU_618,750,42,573,0,0,0,0,0,0,0,0,0,0,0,0,0,0,0,0,1
OTU_619,0,0,0,0,0,21,0,0,11,0,0,0,0,0,0,0,0,0,0,0
OTU_62,1406,119,1401,0,0,19,0,0,3,788,0,0,0,30,22,979,556,0,837,0
OTU_620,59,5,77,0,0,0,0,0,24,18,0,0,0,0,0,0,0,0,0,0
OTU_621,35,0,40,0,1,0,0,0,0,0,0,0,0,0,0,0,0,0,0,0
OTU_622,0,0,0,0,0,0,0,0,0,0,0,230,0,0,0,0,0,0,0,0
OTU_623,0,0,0,0,0,0,0,0,0,0,0,0,5,0,22,0,0,0,0,0
OTU_624,0,0,0,0,0,0,30,43,0,0,0,0,0,0,0,3,0,0,0,0
OTU_625,0,0,0,0,0,0,0,0,0,0,0,0,0,0,0,0,0,0,0,223
OTU_626,0,0,0,0,0,0,0,0,0,0,3,1,8,14,35,0,14,0,0,0
OTU_627,0,0,0,0,0,0,0,0,0,0,0,363,0,0,0,0,0,0,0,0
OTU_628,0,8,0,1,21,0,0,0,0,4,0,0,0,0,0,0,0,0,0,0
OTU_629,0,0,0,0,0,3,1,8,1,2,1,0,0,0,0,0,0,0,7,0
OTU_63,213,0,117,23,3,11,73,500,139,68,0,0,0,0,0,1,40,23,0,0
OTU_630,1864,1,1400,0,0,1,0,0,18698,628,0,0,0,0,0,2,0,0,0,0
OTU_631,0,0,0,0,0,0,0,388,0,0,0,0,0,0,0,0,0,0,0,0
OTU_632,0,0,0,0,0,0,0,0,0,0,0,0,262,297,1067,25,238,243,0,0
OTU_633,5,2,12,0,0,679,10,50,623,69,14,9,7,8,24,0,1,9,22,2
OTU_634,0,0,0,0,0,0,0,0,0,0,1,0,0,0,0,0,11,0,0,13
OTU_635,0,0,0,0,0,7,0,43,0,24,0,480,154,90,451,65,105,0,31,0
OTU_636,0,0,0,4,2,0,2,23,0,5,0,0,0,0,0,0,0,0,0,0
OTU_637,0,0,0,6,5,13,7,8,7,20,5,14,65,1,164,3,156,53,32,2
OTU_638,0,0,0,454,0,0,0,0,0,0,0,0,0,0,0,0,0,0,0,0
OTU_639,0,0,0,0,0,0,0,0,0,0,13,0,0,44,4,0,12,0,0,0
OTU_64,0,0,0,42,22,187,41,284,367,34,0,0,1,0,0,0,0,16,0,0
OTU_640,3,0,0,28,3,0,0,0,0,0,0,0,0,0,0,0,0,0,0,0
OTU_641,0,0,0,0,0,0,0,0,0,0,0,14,0,0,0,0,53,0,26,0
OTU_642,0,0,4,0,0,0,0,6,0,25,0,0,0,0,0,0,0,0,0,0
OTU_643,0,0,0,0,0,0,0,0,0,0,0,0,240,95,715,9,1,11,0,0
OTU_644,0,22,0,827,13,0,0,0,0,0,0,0,0,0,0,0,0,0,0,0
OTU_645,291,100,237,93,40,0,0,0,521,45,0,0,0,0,0,1,0,0,0,0
OTU_646,0,0,0,0,0,0,0,354,0,0,0,0,0,0,0,0,0,0,0,0
OTU_647,0,0,0,0,0,0,0,0,0,0,0,7,64,0,171,0,33,21,221,0
OTU_648,0,0,0,19,24,0,2,0,0,7,0,0,0,0,0,0,0,0,0,0
OTU_649,0,35,9,0,0,4,0,0,0,2,264,6,0,30,2,28,360,51,794,20
OTU_65,0,0,0,0,0,0,0,0,0,0,32,8,80,38,251,0,167,0,15,0
OTU_650,90,292,89,7947,8664,0,0,0,29,0,0,0,0,0,0,0,0,0,0,0
OTU_651,79,6,117,136,9,127,249,6707,2154,405,0,0,0,0,1,0,0,18,0,0
OTU_652,0,0,1,0,0,72,0,2,0,0,97,2,949,142,2046,40,1586,690,528,2
OTU_653,0,0,0,0,0,0,0,0,0,0,0,0,0,107,0,43,7,0,0,0
OTU_654,503,230,513,2066,1730,2248,16862,3476,7455,2446,0,3,0,0,0,2,0,0,0,30
OTU_655,0,0,0,0,0,4,2,0,102,4,0,0,0,0,0,0,1,0,22,0
OTU_656,0,0,0,0,0,0,0,0,0,0,0,0,0,18,0,0,0,0,0,0
OTU_657,250,251,235,162,539,0,21,1918,3497,162,0,0,0,0,0,0,0,0,0,0
OTU_658,0,0,0,0,0,0,0,1,0,0,862,1000,1125,884,2815,4,546,7,248,41
OTU_659,56525,9789,50014,0,0,0,4,9,90,0,0,0,2,1,0,9,0,0,0,9
OTU_66,0,0,0,2,12,345,299,400,128,219,0,126,0,8,13,240,357,4519,250,771
OTU_660,5,0,2,50,9,156,9,184,34,15,45,291,29,48,108,2,4,3,21,0
OTU_661,1,0,0,114,70,9,10,27,53,84,0,0,0,0,0,0,0,0,0,0
OTU_662,1987,3133,2428,0,7,0,0,0,188,1622,0,0,0,0,0,0,1,0,0,1
OTU_663,61,7,44,403,243,80,79,696,175,168,0,0,0,0,0,0,0,0,0,0
OTU_664,0,1,2,14,17,0,2,1,4,30,0,0,0,0,0,0,0,0,0,0
OTU_665,0,0,0,0,0,0,0,0,0,0,0,213,0,0,0,0,0,0,0,0
OTU_666,0,0,1,21,13,0,3,6,0,46,0,0,0,0,0,0,0,0,0,0
OTU_667,0,0,0,0,0,0,0,0,19,0,0,0,0,0,0,0,0,0,0,0
OTU_668,0,0,1,6,0,4,7,4,4,3,1,7,0,11,2,0,4,0,0,0
OTU_669,0,0,0,0,0,10,0,3,0,33,0,0,0,0,0,0,0,0,0,0
OTU_67,11,2,17,61,22,181,169,548,250,130,0,0,0,0,0,0,0,14,0,0
OTU_670,0,0,0,0,0,7616,0,0,0,0,0,0,0,0,0,0,0,0,0,0
OTU_671,652,142,527,153,88,0,24,78,728,867,0,0,0,0,0,0,0,0,0,0
OTU_672,0,6,0,0,0,0,0,0,15,1,0,0,0,0,0,0,0,5,0,6
OTU_673,0,0,0,0,0,0,0,0,21,0,0,0,0,0,0,0,0,0,0,0
OTU_674,99,6,100,0,0,12,88,0,31,92,0,0,14,52,47,0,95,0,23,0
OTU_675,0,0,0,0,0,0,0,0,0,0,0,0,0,0,0,0,0,196,0,0
OTU_676,57,3,50,23,16,0,0,0,0,0,0,0,0,0,0,0,0,0,0,0
OTU_677,0,0,0,0,0,0,0,17,0,1,0,0,0,0,0,0,0,43,0,8
OTU_678,0,0,0,0,0,0,0,0,0,0,0,0,0,0,0,0,39,18,0,0
OTU_679,0,0,0,0,0,0,0,0,0,0,4,0,0,0,0,0,18,0,0,19
OTU_68,78,99,75,194,243,0,0,24,2,3,0,0,0,0,0,0,0,0,0,0
OTU_680,0,0,0,12,4,0,0,0,0,2,0,0,0,0,0,0,0,0,0,0
OTU_681,1,16,4,0,3,68,3,20,0,0,0,0,0,0,0,1,0,0,0,0
OTU_682,0,0,0,4,5,4,36,10,4,16,0,0,7,1,3,0,21,2,0,0
OTU_683,13,7,21,0,0,0,0,0,1,2,0,0,0,0,0,0,0,0,0,0
OTU_684,33,0,0,0,0,0,8,0,0,0,0,0,0,0,0,0,0,0,0,0
OTU_685,0,0,3,1,0,31,1,0,0,20,0,0,0,0,0,0,3,0,0,0
OTU_686,0,0,0,0,0,13,0,16,0,2,0,1,0,1,8,0,0,0,0,0
OTU_687,0,0,0,0,0,0,0,50,0,161,0,0,0,0,0,0,0,0,0,0
OTU_688,0,0,3,5,2,0,0,0,56,4,15,0,0,0,1,0,10,0,6,0
OTU_689,0,0,0,1,0,16,0,0,0,0,0,0,0,0,0,0,234,30,12,2
OTU_69,11,10,11,555,261,21,85,127,124,345,0,0,0,0,0,0,0,0,0,0
OTU_690,11,1,6,0,1,0,0,0,0,1,0,0,0,0,0,0,56,0,0,0
OTU_691,0,0,0,0,0,0,0,0,0,0,0,3,0,0,0,0,24,0,4,0
OTU_692,0,0,0,0,0,0,0,0,0,0,0,0,0,0,0,0,0,0,0,34
OTU_693,0,0,0,0,0,1,0,0,0,0,276,68,2,25,18,1,1,0,18,0
OTU_694,0,0,0,0,0,0,0,0,0,0,0,0,0,7,0,0,17,0,4,0
OTU_695,8,0,24,0,2,0,32,38,7,7,0,0,0,0,0,0,0,0,0,0
OTU_696,0,0,0,0,0,0,0,0,0,0,0,19,0,0,27,0,0,0,0,0
OTU_697,0,0,0,0,0,0,1,0,0,2,7,15,24,13,27,14,15,6,37,10
OTU_698,5,0,0,16,1,0,10,0,5,2,0,0,0,0,0,0,0,0,0,0
OTU_699,0,0,0,0,0,0,0,0,0,0,0,51,15,63,73,0,0,0,0,0
OTU_7,0,0,0,0,0,3,0,0,0,0,15949,0,0,1,0,0,0,0,0,0
OTU_70,2838,104,2421,419,175,197,4,1682,728,993,14,0,293,51,715,2,203,0,338,0
OTU_700,0,0,0,0,0,0,0,0,0,0,0,4,0,0,0,0,20,0,13,0
OTU_701,0,0,11,4,0,9,6,64,6,0,0,0,0,0,0,0,0,0,0,0
OTU_702,0,0,0,0,0,0,0,0,0,0,0,0,0,0,0,133,0,0,0,0
OTU_703,5,0,1,13,3,0,0,0,0,0,0,0,0,0,0,0,0,0,0,0
OTU_704,0,0,0,29,5,0,0,16,0,0,0,0,0,0,0,0,0,0,0,0
OTU_705,0,0,0,0,0,39,0,0,0,0,0,0,0,0,0,0,0,509,0,0
OTU_706,0,0,0,0,0,0,0,0,0,0,0,0,74,0,0,0,0,0,0,0
OTU_707,0,0,1,0,0,0,0,18,18,0,0,0,0,0,0,0,0,0,0,0
OTU_708,0,0,1,0,6,1,4,5,4,7,0,2,0,0,5,0,105,1,21,13
OTU_709,0,0,0,0,0,0,0,0,0,0,0,20,0,0,0,0,67,0,0,0
OTU_71,9,28,10,0,0,98,78,0,24,125,0,0,0,0,0,0,21,0,21,0
OTU_710,0,0,0,0,0,0,0,0,0,0,1,0,0,30,8,1,0,1,11,0
OTU_711,0,0,0,0,0,54,11,0,0,9,0,0,0,0,0,0,0,0,0,0
OTU_712,0,0,0,30,0,0,0,0,0,0,0,0,0,0,0,0,0,0,0,0
OTU_713,114,0,113,0,0,0,0,0,0,0,0,0,0,0,0,0,0,0,0,0
OTU_714,0,0,0,0,0,0,0,0,0,0,1,0,1,1,29,0,1,0,7,0
OTU_715,0,0,0,15,12,4,5,47,0,0,0,0,0,0,0,4,87,42,4,0
OTU_716,0,0,0,10,5,0,0,0,0,0,0,0,0,0,0,0,12,0,9,0
OTU_717,8,0,4,2,4,0,0,4,0,3,0,0,0,0,0,0,0,9,1,0
OTU_718,0,106,1,230,0,0,0,0,0,278,0,0,0,0,0,0,0,0,0,0
OTU_719,0,0,0,0,0,76,0,3,0,0,0,0,0,0,0,0,0,0,0,0
OTU_72,1,1,2,244,170,44,46,226,244,7,0,0,0,0,0,0,0,0,0,0
OTU_720,0,0,0,0,0,0,0,0,0,0,0,6,0,0,0,0,0,0,50,0
OTU_721,0,0,0,0,0,0,0,0,0,0,14,0,0,0,10,0,73,0,0,40
OTU_722,0,0,0,0,0,0,0,0,30,33,0,0,0,0,0,0,0,0,0,0
OTU_723,0,0,0,0,0,0,0,0,0,0,55,36,0,16,17,4,25,22,95,61
OTU_724,3,0,0,0,0,0,0,0,0,1,7,4,29,7,12,3,11,6,13,10
OTU_725,14,0,5,6,2,6,0,12,29,2,0,0,30,0,10,1,4,6,19,7
OTU_726,0,0,0,0,0,0,0,80,0,32,0,0,0,0,0,0,0,0,0,0
OTU_727,22,1,19,0,0,0,0,0,526,0,0,0,0,0,0,0,0,0,0,0
OTU_728,0,11,0,36,39,0,0,0,0,0,0,0,0,0,0,0,0,0,0,0
OTU_729,0,0,0,0,0,6,0,0,0,0,0,0,1,1,30,0,0,0,35,0
OTU_73,110,0,79,927,276,0,0,32,1936,1232,0,0,0,0,0,0,0,0,0,0
OTU_730,1501,1626,1386,0,0,0,0,0,0,0,0,0,0,0,0,1,0,0,0,0
OTU_731,0,0,0,1,45,0,0,0,0,0,0,0,0,0,0,0,0,0,0,0
OTU_732,0,0,0,25,16,0,1,27,0,0,0,0,0,0,0,0,0,0,0,0
OTU_733,0,0,0,0,0,0,0,40,0,9,0,0,0,0,0,0,0,0,0,0
OTU_734,0,0,0,0,0,0,0,0,0,0,1,5,0,10,6,0,0,4,2,0
OTU_735,0,0,0,0,0,0,0,0,140,0,0,0,0,0,0,0,0,0,0,0
OTU_736,0,0,0,0,0,2,0,0,0,0,0,30,0,1,8,42,157,5,27,5
OTU_737,0,0,0,0,0,0,0,0,0,0,0,5,0,0,0,0,28,0,7,0
OTU_738,4,0,2,1,19,25,0,22,16,0,0,0,0,0,0,0,0,0,0,0
OTU_739,0,0,0,0,0,0,0,0,0,0,0,0,76,0,439,0,11,0,441,0
OTU_74,7622,1714,8456,649,5,176,0,0,2,0,0,0,0,0,0,0,0,0,286,3
OTU_740,0,0,0,0,0,0,0,45,0,19,0,0,0,0,2,0,0,0,0,0
OTU_741,0,0,0,0,0,5,6,70,0,0,0,0,0,0,0,0,0,0,0,0
OTU_742,0,0,0,0,0,0,0,0,0,0,2,0,0,23,2,0,19,0,0,9
OTU_743,0,0,0,0,1,0,0,12,0,0,0,1,0,8,0,0,30,9,793,0
OTU_744,0,0,4,0,0,0,0,19,23,0,0,0,0,0,0,0,0,0,0,0
OTU_745,1,0,1,14,0,0,0,0,0,0,0,0,0,0,0,0,0,0,0,0
OTU_746,0,0,2,0,0,6,4,2,0,0,2,4,0,7,2,0,10,1,0,0
OTU_747,0,0,0,0,0,0,0,0,0,0,28,0,30,0,20,0,130,0,0,107
OTU_748,0,0,0,12,21,0,0,0,6,1,0,0,0,0,0,0,0,0,0,0
OTU_749,0,0,0,0,0,0,0,0,0,0,0,0,0,0,22,0,0,0,0,0
OTU_75,400,80,302,85,84,121,830,428,812,376,0,0,0,0,0,0,0,34,16,1
OTU_750,0,0,0,0,0,0,0,95,0,0,0,0,0,0,0,0,0,0,0,0
OTU_751,0,0,0,0,0,0,0,0,0,0,0,27,0,0,0,0,54,0,1,0
OTU_752,0,0,0,63,38,0,0,0,4,0,0,0,0,0,0,0,0,0,0,0
OTU_753,0,0,0,0,0,185,9,188,26,0,0,0,0,0,0,0,0,0,338,0
OTU_754,0,0,0,0,0,0,0,0,0,0,0,0,0,0,0,0,59,0,0,0
OTU_755,0,0,0,0,0,0,0,0,73,0,0,0,0,0,0,0,0,0,0,0
OTU_756,15,0,1,0,0,1,0,0,0,0,0,0,0,0,1,0,7,0,0,2
OTU_757,0,0,0,0,0,40,0,78,193,35,0,0,0,0,0,0,0,0,0,0
OTU_758,2,19,11,0,0,0,0,0,0,44,0,0,0,0,0,0,0,0,0,0
OTU_759,0,0,0,0,0,0,0,0,586,0,0,0,0,0,0,0,0,0,0,0
OTU_76,0,388,4,1,0,0,0,0,0,0,104,732,0,4,0,143,230,1631,0,0
OTU_760,0,0,0,0,7,0,0,0,0,13,0,0,0,0,0,0,0,0,0,0
OTU_761,0,0,0,0,0,0,0,0,0,0,0,2,0,0,0,0,22,0,0,0
OTU_762,0,0,0,0,0,19,0,0,0,5,0,0,0,0,0,0,0,592,9,0
OTU_763,0,0,0,0,0,0,0,0,0,0,0,0,0,0,0,0,0,109,0,14
OTU_764,0,0,0,0,0,0,0,0,0,0,0,35,0,0,0,0,0,0,0,0
OTU_765,0,0,0,0,0,0,0,0,0,0,0,2,0,0,0,0,0,0,9,0
OTU_766,5,0,9,0,0,0,0,0,0,1,0,0,0,0,2,7,1,2,0,0
OTU_767,0,0,0,0,0,0,0,0,0,0,0,0,0,0,0,0,96,0,0,0
OTU_768,0,0,0,0,0,0,0,0,0,0,0,0,0,18,0,0,0,0,0,0
OTU_769,0,0,0,0,0,0,0,0,0,0,0,0,0,0,0,0,0,27,0,0
OTU_77,300,116,282,0,23,0,0,490,0,260,0,0,0,0,0,0,0,0,0,0
OTU_770,0,0,0,0,0,0,0,241,0,0,0,0,0,0,0,0,0,0,0,0
OTU_771,0,0,0,0,0,0,0,0,0,0,2,0,0,0,2,0,26,0,0,12
OTU_772,0,0,0,0,172,0,0,0,0,0,0,0,0,0,0,0,0,0,0,0
OTU_773,0,0,0,0,0,0,0,0,0,0,109,0,0,0,0,0,0,0,0,0
OTU_774,0,0,0,10,3,0,0,15,0,0,0,0,0,0,0,0,0,0,0,0
OTU_775,0,0,0,17,0,0,0,0,0,0,0,0,0,0,0,0,0,0,0,0
OTU_776,0,0,0,0,0,0,0,0,0,0,0,0,0,0,0,0,34,0,0,0
OTU_777,0,0,0,0,0,0,0,0,0,0,0,0,0,133,0,0,0,0,0,0
OTU_778,0,0,0,0,0,0,0,0,0,0,0,1,0,0,0,0,14,0,0,0
OTU_779,0,0,0,0,0,0,0,0,0,0,1,0,0,0,0,0,22,0,0,11
OTU_78,287,20,237,0,1,147,0,223,550,3,641,4,0,0,0,104,21,1,21,0
OTU_780,0,0,0,0,0,0,0,0,0,29,0,0,0,0,0,0,0,0,0,0
OTU_781,0,0,0,0,0,0,0,0,0,0,0,0,1,19,8,0,0,0,0,0
OTU_782,0,0,0,0,0,0,0,0,0,0,0,0,0,0,0,0,0,0,13,0
OTU_783,0,0,0,0,0,0,0,0,0,0,14,20,0,6,36,0,0,0,0,0
OTU_784,0,0,0,0,0,0,0,0,0,0,0,925,0,0,0,0,0,0,0,559
OTU_785,0,0,0,0,0,0,0,0,4,3,0,0,0,0,0,0,2,0,0,0
OTU_786,0,0,0,0,0,0,0,0,0,0,67,5,0,0,0,0,0,0,0,0
OTU_787,0,0,0,0,0,0,0,90,0,2,0,0,0,0,0,0,0,0,0,0
OTU_788,0,0,9,3,1204,0,0,0,0,0,0,0,0,0,0,0,0,0,0,0
OTU_789,0,0,0,0,0,0,24,0,0,0,0,0,0,0,0,0,0,0,0,0
OTU_79,64,10,52,5,49,186,122,221,356,90,0,0,0,0,0,0,0,0,0,0
OTU_790,0,0,0,0,0,0,0,0,0,0,0,0,45,32,91,0,0,0,0,0
OTU_791,35,2,3,0,0,0,0,0,0,0,0,0,0,0,0,0,0,0,0,0
OTU_792,0,0,0,37,20,0,4,1,0,10,0,0,0,0,0,0,0,0,0,0
OTU_793,0,0,0,66,0,0,0,0,0,0,0,0,0,0,0,0,0,0,0,0
OTU_794,0,0,0,0,0,0,0,0,0,6,0,0,0,0,0,0,0,0,0,0
OTU_795,0,33,1,0,0,0,0,0,0,0,0,0,0,0,0,0,0,0,0,0
OTU_796,7,0,18,0,0,0,0,0,0,0,0,0,0,0,0,0,0,0,0,0
OTU_797,12,18,9,26,0,179,47,289,521,94,0,0,12,0,17,0,0,4,0,78
OTU_798,0,0,0,0,0,0,32,0,0,0,0,0,0,0,0,0,0,0,0,0
OTU_799,0,0,0,0,0,0,0,303,0,0,0,0,0,0,0,0,0,0,0,0
OTU_8,0,0,0,0,2,1969,1,1,0,7,409,57,165,41,494,126,31710,35,9009,11
OTU_80,83,978,85,1444,1159,0,0,16,63,496,0,0,0,0,0,0,0,0,0,0
OTU_800,0,0,0,0,0,0,0,0,0,0,3,0,0,0,0,0,4,0,0,14
OTU_801,0,0,0,0,0,0,0,0,0,0,0,0,0,0,0,0,20,0,0,4
OTU_802,0,0,0,0,0,0,1,0,0,1,0,2,0,3,2,1,1,0,19,4
OTU_803,0,0,0,0,0,0,0,0,0,0,0,0,0,0,0,0,149,0,0,0
OTU_804,0,0,0,0,0,0,0,0,0,0,0,260,0,0,0,0,0,0,0,0
OTU_805,0,0,0,0,0,0,0,0,18,0,0,0,0,0,0,0,0,0,0,0
OTU_806,0,0,0,0,0,0,0,0,0,0,0,1,4,0,71,0,0,0,0,0
OTU_807,0,0,0,0,0,0,0,8,0,0,0,0,0,0,0,0,0,0,0,0
OTU_808,0,0,0,0,0,0,0,0,0,0,1,0,0,0,0,0,20,0,0,10
OTU_809,0,0,0,0,0,0,0,0,0,0,0,0,0,0,0,0,6,0,3,0
OTU_81,275,1077,426,3128,5535,0,0,0,0,0,0,0,0,0,0,0,0,0,0,0
OTU_810,0,0,0,1,2,3,3,5,17,0,0,0,0,0,0,0,0,1,0,0
OTU_811,0,0,0,2,1,0,0,0,0,11,0,0,0,0,0,0,0,0,0,0
OTU_812,0,0,0,0,0,0,0,0,0,473,0,0,0,0,0,0,1,0,0,0
OTU_813,0,0,0,0,0,0,0,0,0,0,0,0,0,7,4,0,0,1,16,0
OTU_814,0,0,0,0,0,0,0,0,0,0,0,0,0,0,6,0,0,0,0,0
OTU_815,0,0,0,0,0,0,0,0,0,0,0,39,0,0,31,0,0,0,0,0
OTU_816,0,0,0,18,0,0,0,0,0,0,0,0,0,0,0,0,0,0,0,0
OTU_817,0,0,0,0,0,0,0,0,26,0,0,0,0,0,0,0,0,0,0,0
OTU_818,0,0,0,0,0,0,0,0,0,0,0,0,0,0,0,0,13,0,0,2
OTU_819,0,0,0,1,11,0,0,0,0,0,0,0,0,0,0,0,0,0,0,0
OTU_82,0,0,0,0,0,0,0,0,0,0,28,449,33,20,52,29,21,28,0,0
OTU_820,0,4,0,44,0,0,0,0,0,0,0,0,0,0,0,0,0,0,0,0
OTU_821,0,0,0,0,0,0,0,6,0,0,0,0,0,0,0,0,0,0,0,0
OTU_822,0,0,3,6,0,8,1,0,0,2,0,0,0,0,0,0,0,0,0,1
OTU_823,0,0,0,0,0,0,0,0,0,0,2,4,6,6,6,0,0,9,5,6
OTU_824,0,0,0,0,0,0,0,0,0,0,3,0,0,0,0,0,13,0,0,3
OTU_825,0,0,0,0,0,46,0,51,0,0,0,0,0,0,0,0,0,0,0,0
OTU_826,0,0,0,0,0,0,0,0,0,0,4,0,5,0,17,0,1,0,0,0
OTU_827,0,0,0,0,0,0,0,0,0,0,0,0,0,0,29,0,8,0,0,0
OTU_828,0,0,0,0,0,0,0,0,0,0,0,0,0,0,0,0,26,0,0,2
OTU_829,0,0,0,0,0,0,0,0,0,12,0,0,0,0,0,0,0,0,0,0
OTU_83,0,1157,3,0,0,0,42,0,0,0,0,0,0,0,0,0,0,0,0,0
OTU_830,18,0,12,0,0,5,0,28,17,20,0,0,0,0,0,0,0,0,0,0
OTU_831,0,0,1,0,100,0,0,0,0,0,0,0,0,0,0,0,0,0,0,0
OTU_832,136,0,132,0,0,7,0,0,0,0,0,0,0,0,0,0,0,0,0,0
OTU_833,0,0,0,0,0,0,0,3,0,0,0,305,0,0,0,0,0,0,0,0
OTU_834,0,0,0,0,0,0,0,0,0,0,0,0,0,0,0,0,1,0,20,0
OTU_835,0,0,0,0,0,0,0,0,0,0,0,0,0,0,0,0,0,0,30,0
OTU_836,16,0,0,0,0,6,0,0,0,0,0,0,0,0,0,0,0,0,0,0
OTU_837,0,0,0,0,0,0,0,0,0,0,0,0,0,0,0,0,12,0,0,0
OTU_838,0,0,0,0,0,0,0,0,0,0,3,0,0,0,1,0,41,0,0,35
OTU_839,4,0,1,2,0,3,0,0,0,0,0,0,5,39,60,2,0,0,0,0
OTU_84,22,198,27,1092,1923,0,0,0,103,0,0,0,0,0,0,0,0,0,0,0
OTU_840,15,0,4,0,0,15,1,0,2,0,0,1,0,17,33,3,2,2,15,0
OTU_841,0,0,0,0,0,0,0,0,0,0,3,0,0,0,0,0,22,0,0,22
OTU_842,1,0,0,0,170,0,0,0,0,0,0,0,0,0,0,0,0,0,0,0
OTU_843,0,0,0,0,0,0,0,0,0,0,2,1,6,9,41,0,35,0,0,0
OTU_844,0,0,0,0,0,4,0,7,0,0,0,0,0,0,0,17,0,88,0,0
OTU_845,0,0,0,0,0,0,1,25,0,4,0,0,0,0,0,0,0,0,0,0
OTU_846,0,0,0,0,0,0,0,0,0,72,0,0,0,0,0,0,0,0,0,0
OTU_847,0,0,0,0,0,0,0,0,0,0,0,1,0,0,0,0,11,0,1,0
OTU_848,0,0,0,0,0,19,3,5,20,6,0,0,0,0,0,0,0,0,1,0
OTU_849,0,0,0,0,0,0,0,0,189,0,0,0,0,0,0,0,0,0,0,0
OTU_85,1129,1691,1280,0,0,0,0,0,0,0,0,0,0,0,0,0,0,0,0,0
OTU_850,13,0,0,0,0,0,0,0,0,0,0,0,0,0,0,0,0,0,0,0
OTU_851,0,0,0,0,0,0,0,0,0,0,0,0,0,9,9,3,0,0,0,0
OTU_852,0,0,0,0,0,29,0,0,0,0,0,0,0,0,0,0,0,0,0,0
OTU_853,278,50,329,1966,2211,0,2,0,523,34,0,0,0,0,0,0,0,1,0,0
OTU_854,0,0,0,0,0,11,7,0,0,0,0,65,0,0,1,2,5,0,10,1
OTU_855,0,0,0,0,0,0,0,0,0,0,2,0,0,0,0,0,21,0,0,11
OTU_856,0,0,0,0,0,5,1,0,0,3,8,5,16,9,10,5,2,4,8,7
OTU_857,0,0,1,55,0,0,0,0,0,0,0,0,0,0,0,0,0,0,0,0
OTU_858,0,0,0,0,0,0,0,0,0,0,1,0,0,0,0,0,17,0,0,6
OTU_859,0,0,0,0,0,0,8,19,0,0,0,0,0,0,0,0,0,0,0,0
OTU_86,0,0,0,0,0,6,0,2,1,0,0,1,328,153,1478,264,108,0,25,0
OTU_860,0,0,0,0,0,0,0,23,0,0,0,0,0,0,0,0,0,0,0,0
OTU_861,0,0,0,17,1,0,12,2,1,24,0,0,0,0,0,0,0,0,0,0
OTU_862,0,0,0,0,0,0,0,0,0,0,0,0,0,9,0,0,0,0,0,0
OTU_863,0,0,0,0,0,0,0,0,0,0,0,0,29,0,0,0,0,0,0,0
OTU_864,0,1,0,14,7,0,1,0,8,4,0,0,0,0,0,0,0,0,0,0
OTU_865,0,0,0,0,0,0,0,0,0,0,0,0,0,13,0,0,0,0,0,0
OTU_866,0,0,0,0,0,0,0,0,0,0,0,0,0,11,0,0,0,0,0,0
OTU_867,0,0,0,0,0,0,0,0,0,0,0,2,0,0,0,0,12,0,0,0
OTU_868,0,0,0,0,61,0,0,0,0,0,0,0,0,0,0,0,0,0,0,0
OTU_869,0,0,0,0,0,0,0,0,0,0,0,0,0,0,0,0,1,0,0,9
OTU_87,0,0,0,0,0,0,0,0,0,0,0,75,0,0,0,0,224,0,25,0
OTU_870,0,0,0,0,0,0,0,0,0,0,0,0,0,0,6,0,7,0,0,0
OTU_871,0,0,0,0,0,0,0,0,0,0,0,0,1,0,17,0,8,0,0,0
OTU_872,0,0,0,0,0,0,0,0,0,0,0,0,0,0,2,0,7,0,0,0
OTU_873,0,0,0,0,0,0,0,0,0,0,0,1,13,0,6,0,7,0,0,0
OTU_874,0,0,0,0,0,0,0,0,0,0,0,0,58,0,0,0,0,0,0,0
OTU_875,0,0,0,26,0,0,0,0,0,0,0,0,0,0,0,0,0,0,0,0
OTU_876,0,0,0,0,0,0,0,0,0,0,0,0,0,0,0,0,0,0,5,0
OTU_877,0,0,0,0,0,0,0,0,553,0,0,0,0,0,0,0,0,0,0,0
OTU_878,26,0,0,275,1,0,0,0,0,0,0,0,0,1,0,0,0,0,0,0
OTU_879,0,0,0,0,0,0,0,0,0,0,0,0,0,0,2,1,15,3,0,0
OTU_88,152,645,135,0,0,0,0,0,0,0,0,0,0,0,0,0,0,0,0,0
OTU_880,0,0,0,22,0,0,0,0,0,0,0,0,0,0,0,0,0,0,0,0
OTU_881,0,0,0,0,0,0,0,0,0,0,2,0,0,6,1,0,1,0,0,0
OTU_882,0,0,0,0,0,0,0,0,21,0,0,0,0,0,0,0,0,0,0,0
OTU_883,0,0,0,0,0,0,0,0,0,0,0,0,0,0,0,39,56,0,0,0
OTU_884,33,5,31,9,0,0,24,112,63,3,0,0,0,0,0,0,1,1,0,0
OTU_885,0,0,0,0,0,0,0,0,0,0,0,0,0,21,0,0,0,0,0,0
OTU_886,0,0,0,35,57,0,5,0,0,57,0,0,0,0,0,0,0,0,0,0
OTU_887,0,0,0,0,0,0,0,0,0,0,0,1,0,12,20,0,10,0,0,0
OTU_888,0,0,0,0,0,0,0,99,0,0,0,0,0,0,0,0,0,0,0,0
OTU_889,0,0,0,0,0,0,12,0,0,12,0,0,0,0,0,0,0,0,0,0
OTU_89,0,776,0,0,0,0,20,0,0,0,0,0,0,0,0,0,0,0,0,0
OTU_890,0,0,0,0,0,0,0,0,0,0,2,0,0,4,11,0,2,0,0,0
OTU_891,0,0,0,0,1,0,0,0,0,0,0,0,0,0,0,0,0,0,240,0
OTU_892,0,0,1,0,0,23,0,5,0,0,0,2,0,0,2,0,0,0,0,0
OTU_893,5,0,4,0,0,0,0,0,0,0,0,0,0,0,0,0,0,0,0,0
OTU_894,0,0,0,0,0,0,0,0,0,0,0,109,0,0,0,0,0,0,0,0
OTU_895,0,0,0,0,0,0,4,0,1,2,5,3,2,12,8,4,0,5,12,4
OTU_896,1,203,8,14,149,0,0,0,0,0,0,0,0,0,0,0,0,0,0,0
OTU_897,0,0,0,0,12,0,0,0,0,1,0,0,0,0,0,0,0,0,0,0
OTU_898,38,0,48,104,7402,0,0,0,0,7,0,0,0,0,0,0,0,0,0,0
OTU_899,9,0,1,0,0,11,0,0,6,0,0,0,0,0,1,0,0,0,0,0
OTU_9,31,17,35,5983,4553,0,0,0,54,1,0,0,0,0,0,0,0,0,0,0
OTU_90,1688,328,1425,237,196,9857,4425,8768,17607,3321,15,173,460,65,1571,3,33,125,52,5341
OTU_900,0,0,0,0,1,0,17,0,0,0,0,0,0,0,0,0,0,0,0,1
OTU_901,0,0,0,0,0,0,0,0,3688,0,0,0,0,0,0,0,0,0,0,0
OTU_902,0,0,0,0,0,0,0,0,0,0,0,0,17,0,1,0,14,0,0,5
OTU_903,0,35,1,0,0,0,0,0,0,0,0,0,0,0,0,0,0,0,0,0
OTU_904,0,0,0,0,0,0,0,0,0,0,5,0,0,0,0,0,8,0,0,0
OTU_905,0,0,0,42,0,0,0,0,0,0,0,0,0,0,0,0,0,0,0,0
OTU_906,0,0,0,0,0,0,0,0,6,0,0,0,0,0,0,0,0,0,0,0
OTU_907,0,0,0,0,0,0,0,0,0,0,0,0,0,0,0,0,0,81,0,0
OTU_908,0,0,0,20,0,0,0,0,0,0,0,0,0,0,0,0,0,0,0,0
OTU_909,1,0,0,0,0,0,0,0,168,0,0,0,0,0,0,0,0,0,0,0
OTU_91,0,0,0,0,0,50,0,11,0,1,417,107,118,150,478,4,2142,5,754,32
OTU_910,0,0,0,0,0,0,0,0,0,0,0,0,0,0,0,0,28,0,0,0
OTU_911,0,0,0,0,0,1,0,0,0,0,0,0,2,0,0,0,63,46,0,0
OTU_912,0,0,0,0,0,0,0,194,0,0,0,0,0,0,0,0,0,0,0,0
OTU_913,0,0,0,2,3,3,0,20,0,3,0,0,0,0,0,0,0,0,0,0
OTU_914,0,0,0,0,0,0,0,0,0,0,0,0,0,0,0,0,127,0,0,0
OTU_915,0,0,0,0,0,0,0,0,24,0,0,0,0,0,0,0,0,0,0,0
OTU_916,0,0,0,0,0,0,0,0,0,0,0,10,0,0,0,0,0,0,0,0
OTU_917,0,0,0,0,0,0,0,0,0,0,0,0,0,0,0,0,0,0,19,1
OTU_918,0,0,0,0,0,6,0,0,0,0,0,0,0,0,0,0,0,0,0,0
OTU_919,44,0,43,0,0,0,0,0,0,0,0,0,0,0,0,0,0,0,0,0
OTU_92,2382,235,2186,1000,245,4783,436,4023,4573,778,1454,4795,702,852,1768,57,190,1553,655,2227
OTU_920,0,0,0,0,0,0,0,0,0,0,0,0,27,0,0,0,0,0,0,0
OTU_921,0,0,0,0,0,0,19,0,0,0,0,0,0,0,0,0,0,0,0,0
OTU_922,0,0,2,48,16,1,5,1,8,11,0,0,0,0,0,0,0,0,0,0
OTU_923,0,0,0,0,0,0,0,0,0,78,0,0,0,0,0,0,0,0,0,0
OTU_924,0,0,1,0,0,9,0,0,11,3,0,1,15,1,3,0,0,0,0,6
OTU_925,0,0,0,0,0,0,0,0,0,0,0,1553,0,0,0,0,0,0,0,0
OTU_926,0,0,0,0,0,0,0,0,0,0,0,0,0,0,0,0,10,0,0,0
OTU_927,0,0,0,0,0,0,42,0,0,0,0,0,0,0,0,0,0,0,0,0
OTU_928,0,0,0,0,0,0,0,0,0,0,0,0,0,0,0,14,0,0,0,0
OTU_929,0,0,0,0,0,0,0,0,0,0,0,0,0,0,0,0,0,0,6,0
OTU_93,224,1,233,228,205,0,0,0,0,338,0,0,0,0,0,0,0,0,0,0
OTU_930,0,0,0,0,0,0,0,0,7,0,0,0,0,0,0,0,0,0,0,0
OTU_931,0,0,0,0,0,0,18,0,0,0,0,0,0,0,0,0,0,0,0,0
OTU_932,0,0,0,0,0,30,0,0,0,0,0,1,0,0,0,0,0,0,0,0
OTU_933,0,0,0,0,0,0,0,0,0,0,0,0,18,0,65,0,0,0,0,0
OTU_934,0,0,0,0,0,0,0,0,0,0,0,7,0,0,0,0,0,0,0,0
OTU_935,0,0,0,0,0,0,0,0,0,0,0,0,0,0,0,0,0,91,0,0
OTU_936,0,0,0,0,0,0,2,0,0,0,0,0,0,0,0,0,0,0,31,0
OTU_937,0,0,0,0,0,0,0,0,0,1,2,4,0,2,7,1,1,4,11,4
OTU_938,0,0,0,0,0,0,0,0,40,0,0,0,0,0,0,0,0,0,0,0
OTU_939,0,0,0,0,0,0,0,0,0,0,0,0,17,0,1,0,0,0,0,0
OTU_94,539,497,468,0,0,0,0,0,0,0,0,0,0,0,0,0,0,0,0,0
OTU_940,0,0,0,0,0,0,2,0,0,0,0,0,0,0,0,0,0,19,0,0
OTU_941,0,0,0,0,0,4,0,0,0,0,0,0,0,0,0,0,0,20,0,0
OTU_942,0,0,3,8,138,0,0,0,0,0,0,0,0,0,0,0,0,0,0,0
OTU_943,16,0,4,0,0,0,0,0,0,0,0,0,0,0,0,0,0,0,0,0
OTU_944,0,0,0,0,0,0,0,0,0,0,29,0,1,0,9,0,189,0,0,128
OTU_945,0,0,0,10,1,0,0,0,0,0,0,0,0,0,0,0,0,0,0,0
OTU_946,0,0,0,0,0,0,0,0,0,12,0,0,0,0,0,0,0,0,0,0
OTU_947,15,1,10,0,0,0,0,0,0,0,0,0,0,0,0,0,0,0,0,0
OTU_948,0,0,0,899,1,0,1,0,0,0,0,0,0,0,0,0,0,0,0,0
OTU_949,0,0,0,0,0,0,0,0,8,0,0,0,0,0,0,0,0,0,0,0
OTU_95,11,34,30,130,34,503,55,307,124,143,2521,1690,425,483,1071,321,379,177,212,0
OTU_950,0,0,0,0,0,0,0,0,0,0,0,0,0,6,1,13,0,0,0,0
OTU_951,0,0,0,0,0,0,0,0,0,0,1,0,0,0,0,0,10,0,0,13
OTU_952,0,0,0,0,0,0,0,0,0,0,0,0,0,0,0,0,0,0,0,1549
OTU_953,0,0,0,0,0,0,0,0,0,0,0,0,0,0,0,0,75,0,0,0
OTU_954,0,0,0,0,32,0,0,1,0,0,0,0,0,0,0,0,0,0,0,0
OTU_955,0,0,0,0,0,0,0,0,0,0,62,0,40,0,21,0,241,0,0,240
OTU_956,0,0,0,0,0,0,0,0,0,0,2,0,0,0,0,0,12,0,0,6
OTU_957,0,0,0,0,0,0,0,0,0,0,4,1,16,0,31,0,13,0,0,0
OTU_958,0,13,0,0,0,0,0,0,0,0,0,0,0,0,0,0,0,0,0,0
OTU_959,0,0,0,0,0,0,0,0,0,0,0,0,0,0,15,0,7,0,0,0
OTU_96,44,0,43,0,0,0,68,1,196,405,0,0,0,0,0,0,0,0,0,0
OTU_960,0,0,0,0,0,0,0,0,0,0,3,0,0,0,3,0,21,0,0,11
OTU_961,0,0,0,0,0,0,0,9,0,5,0,0,0,0,0,0,0,0,5,0
OTU_962,0,0,0,0,0,0,0,0,0,0,0,0,0,0,0,0,0,141,0,0
OTU_963,0,0,0,0,0,0,0,0,0,0,101,0,32,0,37,0,410,0,0,376
OTU_964,0,0,0,0,0,110,0,0,0,0,0,0,0,0,0,0,0,0,0,0
OTU_965,0,0,0,0,0,0,40,0,0,0,0,0,0,0,0,0,0,0,0,0
OTU_966,0,0,0,0,0,0,0,0,0,114,0,0,0,0,0,0,0,0,0,0
OTU_967,0,0,0,0,69,0,0,0,0,0,0,0,0,0,0,0,0,0,0,0
OTU_968,0,0,0,0,0,10,223,0,0,1,0,0,0,0,0,0,0,0,0,0
OTU_969,0,0,0,0,0,0,116,0,0,0,0,0,0,0,0,0,0,0,0,0
OTU_97,244,38,282,318,306,726,1573,912,1148,1654,65,248,140,39,217,379,1642,580,316,51
OTU_970,0,0,0,0,0,0,0,0,0,10,0,0,0,0,0,0,0,0,0,0
OTU_971,0,0,0,0,0,0,0,0,0,0,0,0,0,0,0,0,0,0,0,8
OTU_972,0,0,0,0,0,0,52,0,0,0,0,0,0,0,0,0,0,1,0,0
OTU_973,0,0,0,0,0,0,0,0,0,132,0,0,0,0,0,0,0,0,0,0
OTU_974,0,0,0,0,0,0,0,0,0,0,0,0,0,0,0,0,0,561,0,0
OTU_975,0,0,0,0,0,0,0,0,11,0,0,0,0,0,0,0,0,0,0,0
OTU_976,0,0,0,0,0,0,0,0,0,137,0,0,0,0,0,0,0,0,0,0
OTU_977,0,0,0,0,0,0,0,137,0,0,0,0,0,0,0,0,0,0,0,0
OTU_978,18,0,15,0,0,0,0,0,0,0,0,0,0,0,0,0,0,0,0,0
OTU_979,20,0,2,0,0,0,0,0,0,0,0,0,0,0,0,0,0,0,0,0
OTU_98,309,568,397,0,0,0,0,0,0,0,0,0,0,0,0,0,0,0,0,0
OTU_980,0,0,0,0,0,0,139,0,0,0,0,0,0,0,0,0,0,0,0,0
OTU_981,0,0,0,0,0,0,0,0,14,0,0,0,0,0,0,0,0,0,0,0
OTU_982,0,0,0,0,0,0,12,0,0,0,0,0,0,0,0,0,0,0,0,0
OTU_983,0,0,0,0,0,0,0,0,0,0,0,38,0,0,0,0,0,0,0,0
OTU_984,0,0,0,0,0,0,0,0,0,0,0,1,0,0,0,0,11,0,0,0
OTU_985,0,0,0,0,0,0,135,0,0,0,0,0,0,0,0,0,0,0,0,0
OTU_986,0,0,0,0,0,0,78,0,0,0,0,0,0,0,0,0,0,0,0,0
OTU_987,0,0,0,0,0,0,0,0,60,0,0,0,0,0,0,0,0,0,0,0
OTU_988,36,0,22,0,0,0,0,0,0,0,0,0,0,0,0,0,0,0,0,0
OTU_989,0,0,0,0,1,2,0,7,19,0,0,0,0,0,0,0,0,0,0,0
OTU_99,0,0,0,0,0,0,0,2,0,0,1581,8,0,6,2,9,285,91,242,2172
OTU_990,0,0,0,0,0,0,0,0,0,6,0,0,0,0,0,158,10,5,2,0
OTU_991,0,0,0,0,0,0,46,0,0,0,0,0,0,0,0,0,0,0,0,0
OTU_992,0,0,0,0,0,0,0,0,0,0,0,0,0,0,0,0,0,0,51,0
OTU_993,158,0,203,3,1,0,0,0,3,0,0,0,0,0,0,0,0,0,0,0
OTU_994,0,0,0,0,0,0,0,0,0,0,0,0,0,0,0,0,0,0,0,158
OTU_995,0,0,0,0,0,0,0,0,0,44,0,0,0,0,0,0,0,0,0,0
OTU_996,0,0,0,0,0,149,0,0,0,0,0,0,0,0,0,0,0,0,0,0
OTU_997,0,0,0,0,0,0,0,0,0,0,0,0,0,0,0,129,0,0,0,0
OTU_998,0,0,1,16,15,0,2,0,18,13,0,0,0,0,0,0,0,0,0,0
OTU_999,0,0,0,0,0,31,0,0,0,0,0,0,0,0,0,0,0,0,0,0
