#OTU ID,CP23_1,CP23,CP23_2,GOC2a,GOC2b,UC10,UC1,UC12,UC13,UC14,UC15,UC2,UC3_1,UC3,UC3_2,UC4,UC5,UC6,UC7,UC9
OTU_1,1,6,0,0,0,104,157,0,0,2,0,32,22,38,17,29,1615,8,521,4
OTU_10,40,51,56,1,2,0,0,329,9,0,7,4,988,1404,5919,38,31,1306,1282,0
OTU_100,1,0,0,2,0,0,0,0,0,0,0,0,4,5,2,328,0,6,2,0
OTU_101,0,0,0,0,0,3,11,0,0,0,0,2,2,7,1,0,95,0,40,1
OTU_102,1,1,0,0,0,2,0,0,0,0,4,0,18,24,17,50,35,18,12,0
OTU_103,8177,11517,4915,321,154,10,0,418,23,339,3594,0,2,2,1,1,0,0,0,1
OTU_104,0,0,0,0,0,4,5,0,0,0,0,3,1,3,2,0,100,0,25,0
OTU_105,0,0,0,1,0,758,0,16,9,35,3,0,3,7,9,0,159,14,543,0
OTU_106,2,0,1,0,0,0,292,4,0,1,2,280,179,322,222,8,182,20,130,17
OTU_107,0,0,0,11,86,552,0,4,47,73,4,1,8,5,16,0,127,8,510,0
OTU_108,0,0,0,183,3,0,1,0,0,0,24,3,0,3,0,0,1,1,2,4
OTU_109,1,2,0,72,29,0,0,0,3,2,0,0,0,2,1,0,4,0,0,0
OTU_11,2065,2245,3368,5358,3448,2843,1423,4794,5944,5723,2039,799,1037,1181,467,143,1602,451,850,851
OTU_110,59,85,53,5,0,0,0,0,0,0,0,0,0,0,0,0,0,0,0,0
OTU_111,0,0,0,0,0,4,6,0,0,0,0,3,1,3,0,1,78,0,21,0
OTU_112,0,0,0,0,0,81,0,7,0,0,0,0,0,0,0,0,0,0,0,0
OTU_113,85,86,87,383,305,0,0,1,3,0,52,0,0,0,0,0,8,0,0,0
OTU_114,0,0,0,0,0,0,0,0,0,0,0,0,180,233,135,9,3,1,0,0
OTU_115,35,35,17,15,4,35,0,11,49,21,22,0,0,0,0,1,5,9,0,0
OTU_116,5,3,3,0,0,107,2,0,0,0,0,0,1,3,4,0,6,0,0,0
OTU_117,0,0,0,4,478,0,0,4,0,0,0,0,0,0,0,0,0,0,0,0
OTU_118,484,535,30,0,0,0,0,0,0,0,0,0,0,0,0,0,0,0,0,0
OTU_119,82,81,10,0,0,0,0,2,0,0,1,0,0,0,0,0,0,0,0,0
OTU_12,0,0,0,1,0,3,0,0,0,0,0,0,0,0,0,2,0,3305,9,1
OTU_120,100,138,4,0,1,1,0,3,4,41,8,0,0,0,2,0,0,0,0,0
OTU_121,0,0,0,0,0,4,17,0,0,0,0,3,3,1,0,0,154,0,48,0
OTU_122,8,11,2,0,3,49,104,0,2,3,0,28,4,13,5,13,867,2,308,1
OTU_123,87,103,664,40,30,946,439,7,13,121,44,96,32,47,58,14,361,3,178,9357
OTU_124,0,0,0,0,0,494,0,0,0,0,0,0,0,0,0,0,0,0,0,0
OTU_125,2109,2405,16,0,0,0,4,0,0,0,1,1,0,0,0,1,0,0,0,0
OTU_126,0,0,0,0,0,3,4,0,0,0,0,2,0,1,0,3,47,0,19,0
OTU_127,0,0,0,0,0,5,3,0,0,0,0,2,1,0,0,0,107,1,34,0
OTU_128,96,127,19,29,9,95,0,1,124,40,23,0,0,0,0,0,0,0,0,0
OTU_129,11,15,5,125,69,14,0,50,537,113,59,0,0,0,0,1,0,6,45,0
OTU_13,20,25,1,47,33,75,0,53,124,50,34,24,14,21,21,54,142,53,161,180
OTU_130,0,0,0,0,0,11,20,0,0,1,0,5,10,9,4,2,168,3,46,0
OTU_131,103,100,53,167,230,1,0,0,0,4,43,0,0,1,2,35,8,0,163,0
OTU_132,0,0,0,0,0,16,28,0,0,0,0,9,4,3,1,5,221,5,97,1
OTU_133,0,0,0,0,1,4,0,2,8,0,0,0,2,2,1,7,6,26,9,118
OTU_134,44,42,108,2,1,164,3086,431,1,26,220,1715,1205,1632,2001,1636,3025,2361,2100,2334
OTU_135,0,0,0,0,0,0,3,0,0,0,0,0,10,23,307,0,29,0,5,0
OTU_136,0,0,0,0,0,65,5,4,14,1,10,5,37,46,38,3,0,0,9,0
OTU_137,491,612,0,0,0,0,0,0,0,0,738,0,0,0,0,0,0,0,0,0
OTU_138,0,0,0,0,0,6,7,0,0,0,0,4,0,5,0,1,54,0,34,0
OTU_139,0,0,0,0,0,1,156,0,0,0,0,90,25,37,46,368,89,82,8,2
OTU_14,255,290,87,132,54,3554,0,45,1088,165,44,31,2,6,10,4,2,28,39,0
OTU_140,121,131,8,30,24,52,0,14,31,22,4146,2,2,0,1,6,4,1,0,0
OTU_141,0,0,0,0,0,15,0,0,0,0,0,0,0,0,0,0,0,1597,0,0
OTU_142,8,10,2,41,19,12,0,11,50,23,15,0,0,0,0,1,1,1,1,4
OTU_143,22166,25852,12906,11267,5606,3373,23981,1440,1488,6916,3702,4327,1296,2040,2584,121,2835,24,1171,1273
OTU_144,0,0,0,0,73,92,0,936,193,4,779,0,0,0,0,0,0,0,0,0
OTU_145,3,2,4,4,1,0,0,2,2,2,1,0,0,0,0,1,668,3,0,0
OTU_146,0,0,0,0,0,0,0,0,0,0,0,0,0,0,16,0,0,260,0,0
OTU_147,0,4,4,1,1,6,6,4,3,1,2,6,25,27,86,2,1,1,10,0
OTU_148,1,1,0,2567,1248,0,0,0,0,0,0,0,0,0,0,0,0,0,1,0
OTU_149,0,0,0,0,0,0,413,0,0,0,0,190,120,164,1492,11,0,0,0,11
OTU_15,0,0,0,0,0,0,0,0,0,0,0,0,0,1,0,3,0,1495,90,1
OTU_150,315,383,117,36,9,26,0,0,27,69,50,0,0,0,0,0,0,0,6,0
OTU_151,101,112,128,0,0,9,0,2,3,6,0,0,0,0,0,0,0,0,0,0
OTU_152,2,0,0,0,0,5,0,9,236,0,0,0,0,0,0,0,2,0,0,0
OTU_153,0,0,0,1,0,207,0,8,54,0,12,0,0,0,0,0,1,8,112,4
OTU_154,0,0,0,3,0,1,961,5,1,0,0,140,7,14,71,72,0,0,1,0
OTU_155,0,0,0,0,0,9,8,0,0,0,0,2,0,0,3,4,105,0,57,0
OTU_156,87,115,188,248,307,10,0,40,820,43,54,0,0,0,0,0,2,0,0,0
OTU_157,0,0,0,0,0,0,0,0,0,0,0,0,98,151,0,0,0,0,0,0
OTU_158,38,43,18,0,8,153,163,1,3,8,1,53,20,42,18,140,1843,14,768,236
OTU_159,0,0,0,0,0,2,4,0,0,0,0,2,2,1,2,0,47,0,18,0
OTU_16,0,0,0,0,0,42,59,0,0,0,0,20,6,18,6,21,783,1,242,0
OTU_160,0,0,0,0,0,0,0,0,0,0,0,0,0,0,0,212,0,0,0,0
OTU_161,3,1,1,0,0,0,0,14,6,32,3,0,0,0,0,0,0,0,0,188
OTU_162,11,22,9,61,27,23,0,0,1,44,101,0,0,0,0,0,0,0,0,0
OTU_163,18,24,20,0,0,0,0,0,0,0,2,0,0,0,0,0,0,0,0,0
OTU_164,0,3,16,0,0,0,0,0,0,0,0,0,0,0,0,0,0,0,0,0
OTU_165,6,9,0,0,0,313,0,0,19,0,0,12,0,2,7,0,2,1,8,0
OTU_166,10,6,2,0,0,0,0,0,0,0,0,1,3,12,15,0,0,2,5,1
OTU_167,31,47,2,0,0,0,0,0,4,2,3,0,0,0,0,0,0,0,0,0
OTU_168,3404,3930,1326,490,244,0,0,1,0,773,100,0,0,0,0,0,0,0,0,0
OTU_169,0,0,0,0,0,1,3,0,0,0,0,1,0,3,8,0,1,3,1,5
OTU_17,1,1,0,454,13,158,42,60,3012,116,36,1060,648,777,691,21,114,59,337,4
OTU_170,1,3,4,0,0,0,5,0,2,0,0,16,0,2,11,0,1,1,9,2
OTU_171,28,40,16,0,14,152,204,0,6,11,1,60,36,59,13,42,2010,11,780,13
OTU_172,7,4,4,0,0,0,0,0,2,0,0,0,0,0,0,0,0,0,0,0
OTU_173,0,0,2,0,2,0,7,1,3,1,2,1,0,1,2,1,4,9,11,3
OTU_174,0,0,0,0,0,2,5,0,0,0,0,0,0,0,0,1,57,0,17,0
OTU_175,2,1,1,0,3,9,16,0,0,0,0,4,2,5,2,3,197,1,69,1
OTU_176,0,0,0,0,0,2,8,0,0,0,0,3,0,3,2,2,99,1,59,0
OTU_177,3,1,0,0,1,85,138,0,2,1,0,31,13,29,7,20,1303,6,469,2
OTU_178,0,0,0,0,0,1,3,0,0,0,0,2,0,2,0,2,39,0,14,0
OTU_179,0,0,0,0,0,0,0,0,0,2,0,0,0,0,0,1,1,9,2,6
OTU_18,8,24,30,62,29,36,1,13,20,16,8,32,6,6,17,241,95,1225,169,82
OTU_180,0,0,0,0,0,30,0,0,5,0,13,0,0,0,1,0,0,0,0,0
OTU_181,0,0,0,0,0,1,2,0,0,0,0,3,0,1,0,1,39,0,8,0
OTU_182,0,0,0,0,0,2,4,0,0,0,0,0,0,3,0,0,32,0,31,0
OTU_183,0,0,0,0,0,0,4,0,1,0,0,2,2,0,0,1,28,0,18,0
OTU_184,36,51,32,17,10,3,0,3,50,9,41,13,46,72,33,24,33,98,44,17
OTU_185,0,0,0,0,0,19,38,0,0,0,0,7,7,11,3,5,277,4,118,0
OTU_186,0,0,0,0,0,0,4,0,0,0,0,1,0,2,0,0,37,0,3,0
OTU_187,0,0,0,0,0,1,5,0,0,0,0,3,0,0,0,1,34,0,10,0
OTU_188,2,0,0,5,13,0,21,1,0,4,1,7,3,0,2,0,0,0,11,0
OTU_189,0,0,0,0,0,0,0,0,0,0,0,0,0,0,0,0,1,2,52,0
OTU_19,49,63,486,318,35,0,49,286,7,198,1059,492,0,0,8,439,464,1537,0,0
OTU_190,5,6,7,5,0,0,0,0,4,16,6,0,0,0,0,0,0,0,0,0
OTU_191,0,0,0,12,19,0,0,0,1,0,0,0,0,0,0,0,0,0,0,0
OTU_192,0,0,0,0,0,1,0,0,0,0,0,0,0,1,0,3,24,0,13,0
OTU_193,0,0,0,0,0,0,3,0,0,0,0,0,1,3,0,0,22,0,10,0
OTU_194,0,0,0,0,0,1,0,1,2,0,1,0,3,2,26,9,3,8,3,0
OTU_195,11,9,0,21,13,0,0,1,16,5,0,0,0,0,3,0,0,2,0,0
OTU_196,6,10,56,7,11,87,0,29,57,18,8,0,0,0,1,0,3,14,208,1
OTU_197,0,0,1,1,6,4,45,0,7,3,0,58,4,0,2,0,5,4,6,2
OTU_198,0,0,0,0,0,0,0,0,0,0,37,0,0,0,0,0,0,0,0,0
OTU_199,17,30,9,14,10,12,0,6,66,42,20,0,0,0,0,1,3,5,0,0
OTU_2,10759,12605,48520,1207,2865,43040,30,32757,23078,47436,3436,4472,3936,5524,1906,27321,4793,24031,13489,11317
OTU_20,1551,1747,2596,542,370,70,3831,411,214,1195,229,73,776,1089,1729,43,3241,97,4516,399
OTU_200,4,5,7,0,0,5,0,1,14,1,3,0,0,0,0,0,0,0,2,0
OTU_201,0,0,0,0,0,3,5,0,0,0,0,0,1,5,0,0,41,0,22,1
OTU_202,0,0,0,0,0,0,6,1,0,0,1,2,8,8,12,7,2,7,7,2
OTU_203,1,5,0,0,0,0,0,0,0,0,0,0,0,0,0,0,0,0,0,0
OTU_204,0,0,0,0,0,1,0,0,0,0,0,0,0,0,0,0,5,0,16,3
OTU_205,0,0,0,0,0,0,1,0,0,0,1,1,0,3,6,0,0,0,0,1
OTU_206,0,0,0,0,0,1,9,0,0,0,0,1,0,1,0,1,56,0,28,0
OTU_207,0,0,0,0,0,4,5,0,0,0,0,4,0,1,0,0,51,0,28,0
OTU_208,0,0,0,0,0,3,1,0,0,0,0,0,1,1,0,3,48,0,15,0
OTU_209,0,0,0,0,0,1,0,0,0,0,0,0,0,1,0,0,25,0,12,0
OTU_21,16,41,59,0,28,107,189,0,4,6,6,68,29,49,13,51,1685,9,648,38
OTU_210,0,1,0,0,0,0,16,3,0,0,0,17,8,15,23,12,4,13,10,13
OTU_211,0,0,0,0,0,0,5,0,0,0,0,6,0,3,6,0,4,0,1,0
OTU_212,1,0,0,16,41,1,14,0,0,0,1,2,0,0,3,0,1,0,10,0
OTU_213,0,0,0,124,36,0,0,0,0,0,0,0,0,0,0,0,0,0,0,0
OTU_214,0,0,0,1,2,61,0,4,11,2,4,0,0,0,2,0,37,23,171,1
OTU_215,0,0,0,0,14,0,0,0,0,0,0,0,1,0,0,0,0,1,0,45
OTU_216,0,0,0,0,0,0,0,0,0,0,28,0,0,0,0,0,0,0,0,0
OTU_217,1,0,0,16,18,6,14,0,2,1,1,0,2,1,12,5,49,26,13,3
OTU_218,0,0,0,0,0,0,0,0,0,12,0,0,0,0,0,0,0,0,79,8
OTU_219,0,1,0,0,0,18,0,1,3,0,0,0,1,1,10,0,0,189,11,0
OTU_22,1570,1580,876,386,57,350,0,14,1,4,40,5,258,313,6,1,8,0,0,0
OTU_220,0,0,0,0,0,1,0,0,0,0,0,2,0,1,0,1,20,0,5,0
OTU_221,0,0,0,0,0,0,0,0,0,233,54,0,0,0,0,0,0,0,0,0
OTU_222,0,0,0,0,0,14,0,0,0,0,0,0,0,0,0,0,0,65,0,1
OTU_223,0,0,0,1,0,2,0,0,0,0,0,0,29,36,0,0,7,0,0,0
OTU_224,0,0,0,0,0,2,9,0,0,0,0,1,6,6,1,0,92,1,31,0
OTU_225,0,0,0,0,0,2,0,0,0,0,0,0,0,0,0,0,18,0,4,0
OTU_226,0,0,0,0,0,0,0,0,0,0,2,6,0,1,3,2,1,3,3,3
OTU_227,0,0,0,0,0,2,3,0,0,0,0,3,0,1,0,1,49,1,18,0
OTU_228,1,3,0,8,0,0,0,0,9,2,1,0,0,0,0,0,0,0,0,0
OTU_229,0,0,0,0,0,0,5,0,0,0,0,0,0,0,0,1,25,0,16,0
OTU_23,0,0,0,0,0,2,308,2,0,0,0,0,0,0,0,0,7,0,8,130
OTU_230,2,0,0,0,0,6,66,8,0,1,11,73,38,65,99,38,24,99,47,63
OTU_231,0,0,0,0,0,16,0,4,5,1,0,1,0,11,24,0,0,0,0,0
OTU_232,1,0,0,3,2,7,5,4,6,1,3,14,0,1,8,3,8,4,18,2
OTU_233,84,84,40,0,0,22,0,0,0,13,66,0,0,0,0,0,0,0,0,0
OTU_234,0,0,0,0,0,17,0,0,0,0,0,3,1,1,1,1,0,349,41,11
OTU_235,0,0,0,0,0,0,0,0,0,0,0,4,0,0,0,0,4,76,0,21
OTU_236,0,0,0,14,26,0,0,2,3,0,0,0,0,0,0,0,0,0,0,0
OTU_237,0,2,0,0,0,17,28,0,0,0,0,6,0,4,2,10,277,3,107,0
OTU_238,0,0,0,0,0,1,0,0,0,0,0,1,0,0,2,1,47,0,20,0
OTU_239,0,0,0,0,0,1,6,0,0,0,0,0,0,2,2,1,49,0,19,0
OTU_24,12,8,0,77,88,0,0,11,165,122,124,0,0,0,0,0,0,0,0,0
OTU_240,0,0,0,4,1,0,0,0,0,1,0,11,21,18,16,2,5,8,0,0
OTU_241,0,0,0,0,0,2,2,0,0,0,0,0,0,0,0,1,34,0,13,0
OTU_242,0,0,0,0,0,13,21,0,0,0,0,8,5,7,2,7,231,0,114,0
OTU_243,0,0,0,0,0,0,0,0,0,0,3,0,0,0,0,0,733,1,0,0
OTU_244,1,0,0,0,0,5,6,0,0,0,0,5,1,5,1,0,76,0,59,0
OTU_245,1,0,25,0,0,0,0,0,0,32,0,0,0,0,0,0,0,0,0,0
OTU_246,0,0,0,37,2,0,0,0,0,0,0,0,0,0,0,0,0,1,0,0
OTU_247,11806,12830,2394,0,0,0,0,0,4,4,0,0,359,511,421,1,0,0,0,0
OTU_248,0,0,0,0,0,0,0,0,0,436,0,0,0,0,0,0,0,0,0,0
OTU_249,0,0,0,0,0,0,0,0,0,0,0,0,0,0,0,0,0,0,0,276
OTU_25,0,0,0,5,0,3624,0,4,82,7,13,1,282,354,560,0,852,55,3190,1
OTU_250,0,0,0,0,0,7,10,0,0,0,0,7,5,4,0,1,108,1,45,0
OTU_251,1488,1698,2548,48,50,128,0,7,259,62,104,0,0,0,0,1,0,0,0,1
OTU_252,0,0,0,0,0,2,2,0,0,0,0,1,0,4,1,1,39,0,13,0
OTU_253,15,16,181,0,0,3,0,43,0,41,0,12,0,0,4,0,0,44,33,42
OTU_254,3,6,0,0,0,274,0,356,0,6,4,1,123,215,0,1,92,271,244,0
OTU_255,53,42,512,0,0,10,0,187,2,127,2,48,2,1,11,5,1,177,137,129
OTU_256,10,4,12,120,114,15,0,32,0,50,4,0,0,0,0,0,0,0,0,0
OTU_257,0,0,0,0,0,0,0,0,0,0,0,0,3,4,0,0,0,0,51,0
OTU_258,0,0,0,0,0,16,36,0,0,0,0,11,3,12,5,3,380,2,121,1
OTU_259,0,0,0,0,0,1,0,0,0,0,0,1,0,0,0,0,11,1,2,0
OTU_26,3,2,9,1,0,7,24,0,1,24,0,0,5,3,27,0,98,126,62,0
OTU_260,0,0,0,0,0,0,0,0,0,0,0,0,44,70,0,0,0,0,0,0
OTU_261,0,0,0,0,0,0,0,0,0,0,0,4,0,0,0,64,0,0,0,0
OTU_262,0,0,0,0,0,0,0,0,0,0,0,13,0,2,2,0,0,50,5,0
OTU_263,0,0,0,0,0,0,0,0,0,0,0,0,0,0,0,219,24,0,4,16
OTU_264,0,0,0,0,0,0,0,2,100,0,0,0,0,0,0,0,0,0,0,0
OTU_265,0,0,0,0,0,0,0,0,0,0,0,0,0,0,0,0,0,0,0,39
OTU_266,0,0,72,0,0,0,0,0,0,0,0,0,0,0,0,0,0,0,0,0
OTU_267,22,26,3,0,0,6,5,0,13,4,6,2,0,0,0,3,2,0,0,0
OTU_268,7,2,136,89,45,0,0,0,0,0,0,0,0,0,0,0,0,0,0,0
OTU_269,0,0,0,0,0,0,0,0,0,0,0,0,34,41,1,0,0,0,0,0
OTU_27,10,13,15,30,10,179,5383,51,142,8,34,4071,728,1082,2080,194,167,373,163,1
OTU_270,13,14,0,0,0,0,0,0,0,0,0,0,0,0,0,0,0,0,0,0
OTU_271,2,0,0,0,0,0,24,0,0,0,0,2,3,2,3,11,6,0,9,0
OTU_272,15,9,8,0,2,1,0,13,0,144,135,0,0,0,0,0,0,0,0,0
OTU_273,462,510,822,0,0,0,0,0,0,0,0,1,0,0,0,0,1,0,0,0
OTU_274,0,0,0,0,0,6,5,0,0,0,0,1,5,3,0,3,57,0,21,0
OTU_275,5,7,36,0,0,0,0,0,0,9,2,1,0,0,0,0,2,1,0,22
OTU_276,7,13,81,0,0,0,0,0,0,0,0,0,0,0,0,0,0,0,0,0
OTU_277,0,0,0,0,0,0,0,0,0,0,0,0,0,1,0,0,49,4,0,0
OTU_278,0,1,0,0,0,0,0,0,0,0,0,0,0,0,0,0,0,184,0,0
OTU_279,0,0,0,0,0,0,0,0,0,0,0,0,1,2,0,17,0,4,0,1
OTU_28,16679,18639,13582,1344,1294,5722,25575,26363,29378,14098,32274,21545,20676,23539,31666,16134,14833,35070,25123,24619
OTU_280,0,0,0,0,0,0,0,0,0,0,0,70,0,0,0,0,0,0,0,0
OTU_281,2,0,1,0,2,0,0,0,49,0,25,0,0,0,0,0,2,4,0,0
OTU_282,0,0,0,0,0,0,1,0,0,0,0,0,5,4,71,4,0,0,0,0
OTU_283,0,0,0,0,0,3,5,0,0,0,0,2,0,0,0,0,28,0,3,0
OTU_284,0,0,0,0,0,66,0,0,0,118,0,0,0,0,0,0,0,0,0,0
OTU_285,1,0,0,123,33,0,0,0,0,0,0,0,0,0,0,0,0,0,0,0
OTU_286,0,0,11,0,0,13,0,9,0,3,0,0,0,0,0,0,0,0,0,0
OTU_287,6,3,1,0,0,0,0,0,0,9,57,0,0,0,0,0,0,0,0,0
OTU_288,0,0,0,0,0,0,4,0,0,0,0,1,0,0,69,0,3,270,0,0
OTU_289,6,3,7,578,281,0,0,0,0,0,0,0,0,0,0,0,0,0,0,0
OTU_29,1118,1174,643,130,84,186,548,143,1302,548,320,81,89,152,647,255,16,106,265,4
OTU_290,0,0,0,0,2,0,0,1,3,0,1,0,0,0,0,1,3,33,6,0
OTU_291,34,49,12,0,17,175,301,0,5,13,6,95,53,61,19,63,2749,10,943,10
OTU_292,0,0,1,0,0,2,0,0,0,0,0,0,0,0,0,0,0,0,0,10
OTU_293,0,0,0,0,0,8,0,0,1,0,0,0,0,4,2,10,15,51,9,0
OTU_294,0,0,0,0,0,0,0,0,0,12,0,0,0,0,0,0,0,0,0,0
OTU_295,0,0,0,0,0,1,3,0,0,0,0,1,0,1,2,0,39,0,18,1
OTU_296,0,0,1,0,4,0,0,1,16,98,17,0,0,1,0,0,2,0,0,0
OTU_297,0,0,0,0,0,1,3,0,0,0,0,0,0,0,0,0,16,0,4,0
OTU_298,0,0,0,0,75,0,0,0,0,0,0,0,0,0,136,0,0,0,0,0
OTU_299,0,0,0,0,0,1,0,0,0,0,0,0,1,0,6,1,4,0,1,0
OTU_3,755,885,350,494,336,761,376,245,932,670,481,135,112,160,138,277,312,440,171,559
OTU_30,70,92,107,52,67,5,0,30,196,43,25,0,0,0,0,0,0,0,0,0
OTU_300,0,0,0,22,48,0,0,0,0,2,12,0,0,0,0,0,0,0,0,0
OTU_301,0,0,0,0,0,0,6,0,0,0,0,3,0,1,2,3,46,0,30,1
OTU_302,2,3,1,27,16,2,0,15,48,26,0,0,1,0,0,0,0,0,0,0
OTU_303,0,0,0,0,0,6,5,0,0,0,0,5,1,1,0,2,76,0,23,0
OTU_304,1,1,7,1,3,2,0,0,61,0,0,0,0,0,0,0,0,0,4,1
OTU_305,0,0,0,0,0,26,53,0,0,0,0,27,9,16,6,10,684,4,263,0
OTU_306,5,7,9,182,103,2,0,67,78,19,102,0,0,0,0,0,0,0,0,0
OTU_307,55,48,136,16,44,0,0,0,0,226,14,0,0,0,0,0,0,0,0,0
OTU_308,0,0,0,0,0,0,2,0,0,0,0,1,1,2,0,1,29,1,16,0
OTU_309,0,0,0,0,0,0,0,0,0,0,0,0,0,0,0,0,39,0,0,0
OTU_31,6,8,5,1,5,88,0,3,154,13,50,2,31,39,0,0,91,40,8,28
OTU_310,35,25,4,28,47,47,0,202,223,80,83,9,2,4,4,9,72,950,73,158
OTU_311,15289,15330,7380,519,238,7,0,579,14,576,4415,1,0,0,1,2,0,0,0,2
OTU_312,3,3,0,0,0,17,0,3,26,4,9,0,3,8,4,1,13,57,20,0
OTU_313,0,0,0,0,0,0,0,0,0,0,10,0,0,0,0,0,0,0,0,0
OTU_314,0,0,0,0,0,0,1,0,0,0,0,0,0,0,0,0,0,0,0,154
OTU_315,1431,1526,625,1240,919,2554,2542,2762,5642,3093,1122,3398,3456,4716,3358,2408,10387,4045,10142,3246
OTU_316,0,0,1,0,0,2,56,6,0,0,8,59,54,62,83,27,19,48,51,52
OTU_317,6,6,6,0,0,2,0,1,0,3,3,24,5,5,27,0,24,0,29,12
OTU_318,0,0,0,0,0,0,3,0,0,0,0,0,59,74,0,0,71,0,0,0
OTU_319,196,191,40,29,4,8,56,1,76,21,42,0,66,86,50,0,91,0,152,0
OTU_32,92,101,656,1332,59,2,0,44,33,0,1,2,0,0,0,0,1,0,0,0
OTU_320,0,1,0,2,0,39,0,1,5,0,0,0,6,7,6,4,15,30,34,0
OTU_321,0,0,0,14,16,0,0,0,0,0,0,0,0,0,0,0,0,0,152,0
OTU_322,0,1,0,2708,1,0,0,0,0,0,0,0,0,0,0,0,0,1,0,0
OTU_323,8,6,0,1,1,1,0,0,0,0,6,0,0,0,0,0,1,1,7,0
OTU_324,434,504,1919,28,156,717,1270,10,26,50,42,544,283,400,106,279,7892,55,3707,257
OTU_325,0,0,0,0,0,3,11,0,0,0,0,1,0,2,1,2,112,1,35,0
OTU_326,2,1,0,0,0,2,13,0,0,0,0,4,0,2,0,0,91,0,48,0
OTU_327,0,0,0,1,4,0,0,0,0,0,1,0,0,0,0,0,4,0,50,4
OTU_328,1,1,2,0,1,2,2,0,0,0,0,2,2,0,1,2,77,0,25,1
OTU_329,0,0,0,0,0,10,6,0,0,0,0,3,5,2,2,1,168,0,58,0
OTU_33,1,1,3,2,0,0,88,0,1,0,0,17,220,319,120,0,146,0,6,0
OTU_330,0,0,0,0,0,0,0,0,0,0,0,0,0,0,0,0,38,55,0,0
OTU_331,0,0,0,0,0,3,6,0,0,0,0,5,6,3,0,1,70,1,32,0
OTU_332,0,0,0,0,0,2,1,0,0,1,0,3,1,2,0,0,42,0,20,0
OTU_333,3,2,1,1,2,9,16,0,0,2,1,6,2,4,3,11,269,2,97,0
OTU_334,0,0,0,0,0,6,5,0,0,0,0,0,0,3,0,3,54,0,28,0
OTU_335,0,0,0,0,0,2,68,11,0,0,9,92,54,76,105,42,29,103,47,67
OTU_336,2,0,0,0,0,0,0,20,0,0,0,1,303,365,1994,3,6,322,351,1
OTU_337,0,0,0,0,0,2,2,0,0,0,0,1,0,0,2,3,46,0,15,0
OTU_338,1,0,0,0,0,5,9,0,0,0,0,2,2,6,0,1,112,2,46,0
OTU_339,0,0,0,0,0,5,7,0,0,0,0,2,1,1,1,4,105,0,32,0
OTU_34,7817,9214,2665,1670,1346,306,27,2595,1881,2881,2781,1955,189,299,68,19,17,1011,36,40
OTU_340,8,12,43,0,0,28,47,85,25,47,17,66,60,89,98,175,31,184,68,121
OTU_341,0,0,0,0,0,8,9,0,0,0,0,8,5,2,1,3,91,1,49,0
OTU_342,0,0,12,0,9,0,0,1,68,0,10,0,0,0,0,0,27,0,28,0
OTU_35,983,1190,1970,53,0,0,0,50,0,1563,0,8,0,0,0,1,0,0,0,0
OTU_36,433,461,23,2,297,69,393,3,29,26,262,755,2240,3439,1268,11601,1487,6750,1885,35
OTU_37,166,219,73,41,28,79,0,139,126,121,102,12,1,1,3,13,98,71,77,9
OTU_38,1080,1302,228,30,79,1313,2,25,689,971,58,0,126,183,11,861,129,226,24,8
OTU_39,10,10,318,0,3,2090,1,225,446,565,41,4,13,22,118,0,39,0,242,0
OTU_4,0,0,0,0,0,29,43,0,0,0,0,9,14,11,6,10,534,6,173,2
OTU_40,71,76,15,70,31,99,79,35,34,16,51,30,29,41,22,2,42,35,29,167
OTU_41,376,383,272,209,127,176,4439,62,69,200,123,815,338,517,710,34,455,1,219,43
OTU_42,392,419,168,280,159,50,0,133,104,523,33,3,0,5,33,14,0,23,0,0
OTU_43,1,0,6,0,6,19,30,0,0,0,0,13,6,6,1,6,321,3,147,2
OTU_44,71,66,2,15,1,15,0,116,220,326,91,0,0,0,0,0,0,3,0,0
OTU_45,92,126,81,366,297,0,0,1,73,49,16,0,46,66,53,1,76,15,16,134
OTU_46,0,0,0,0,0,8,10,0,0,0,0,2,3,2,0,4,76,0,32,0
OTU_47,0,0,20,629,62,419,1,659,341,173,128,4,0,1,14,1271,83,0,0,1
OTU_48,0,0,0,0,0,1,6,0,0,0,0,1,0,1,1,0,25,0,27,0
OTU_49,97,108,86,14,3,10,0,4,36,0,29,100,7,22,9,1,83,31,5,0
OTU_5,0,0,0,0,0,2,1,0,0,0,0,0,0,0,0,0,20,0,16,0
OTU_50,162,156,3,31,87,90,0,422,185,1285,323,5543,0,2,0,6,0,0,0,30063
OTU_51,0,0,0,97,59,516,0,3,116,95,6,1,21,37,16,0,46,11,33,137
OTU_52,0,1,0,0,0,73,132,0,0,0,0,46,20,44,20,28,1373,6,512,1
OTU_53,0,1,0,0,0,0,0,0,1,0,0,0,20,25,42,320,2,0,6,0
OTU_54,196,211,0,0,0,0,0,0,0,216,34,0,0,0,0,0,0,0,0,0
OTU_55,0,0,0,0,0,3,2,0,0,0,0,3,1,0,0,0,41,2,15,0
OTU_56,133,139,83,46,47,67,188,30,137,106,51,1,10,12,26,0,19,0,246,4
OTU_57,285,338,0,7,0,0,4,0,0,0,0,0,2,1,493,1,0,0,0,0
OTU_58,102,82,140,6,80,7,0,6,0,4,2,0,0,0,0,0,22,0,7,0
OTU_59,1033,1167,735,14,2,10,0,0,0,27,4,0,66,98,3,0,0,0,0,0
OTU_6,19231,22170,14287,34957,22575,68966,6533,28481,32333,14665,34219,3970,28208,41001,39997,13079,2023,373,10606,1568
OTU_60,0,0,0,0,0,37,48,0,0,0,0,21,10,14,1,20,490,1,235,0
OTU_61,0,1,3,1024,10,16,0,2,87,46,1,0,0,0,0,0,0,0,0,0
OTU_62,14,17,2,6,7,989,0,1,44,4,0,0,0,0,0,0,75,2,0,7
OTU_63,1436,1683,251,125,5,15,0,10,7,1009,69,1,0,0,0,1,26,1250,291,5
OTU_64,2,4,0,0,0,2,0,16,2,39,10,0,0,0,0,0,0,0,0,326
OTU_65,260,368,363,13,27,0,7,1,0,0,6,0,0,0,40,178,15,96,57,0
OTU_66,19,18,42,0,0,250,0,0,1,0,59,1,20,11,0,0,3,0,0,161
OTU_67,0,0,0,0,257,0,0,0,0,0,0,0,0,0,0,0,0,0,1,0
OTU_68,0,1,0,0,0,1,0,25,0,0,11,52,2,1,39,0,248,61,9,0
OTU_69,0,0,3,3,3,1,484,0,0,0,0,71,0,2,24,0,1,0,5,0
OTU_7,2711,2796,899,6232,2334,238,2302,60,52,1238,244,389,144,170,267,13,277,2,129,38
OTU_70,26,35,63,120,97,0,0,1,0,0,12,0,0,0,1,6,1,6,1,0
OTU_71,167,167,71,0,1,0,52,0,0,4,29,1,0,0,0,0,0,0,0,0
OTU_72,0,0,0,0,0,0,9504,1,2,0,0,8278,9011,14700,8605,214,10567,738,5897,466
OTU_73,0,0,0,0,0,0,0,0,0,0,0,0,0,0,0,0,169,0,0,0
OTU_74,23,32,31,2,0,203,28,108,151,99,43,30,23,28,57,0,0,0,94,11
OTU_75,593,820,1515,7,6,3894,75185,10534,23,431,8051,66575,36754,59561,70391,40113,32987,75692,46988,62307
OTU_76,64,59,1,2,46,6,1,2,1,3,0,0,32,72,30,33,30,1,1,0
OTU_77,0,0,0,0,0,1,0,4,13,0,0,0,0,0,0,0,104,96,118,44
OTU_78,0,0,0,34,27,13,0,12,95,118,20,0,14,13,36,4,97,369,1023,1
OTU_79,18,13,6,16,12,29,1,10,26,24,12,17,10,17,7,23,44,13,14,0
OTU_8,917,1273,835,4466,2402,600,2220,1575,2454,1084,369,864,1650,2584,2087,35,2315,254,1854,3931
OTU_80,0,0,14,18,56,15,0,6,277,39,30,0,76,151,0,410,269,0,53,0
OTU_81,2,0,0,2,0,10,4,2,65,3,27,68,7287,10272,1653,2,157,222,205,0
OTU_82,43,35,7,6,18,16,22,6,43,2,31,0,18,37,49,0,22,0,20,0
OTU_83,63,49,67,18,8,154,0,4,69,4,5,0,0,0,0,0,0,0,0,0
OTU_84,0,0,25,7,2,0,0,0,7,0,0,0,2,12,0,23,2,1,0,0
OTU_85,0,0,0,4,0,34,1,0,2,82,2,0,30,31,106,0,17,1,2012,0
OTU_86,48,69,30,50,37,135,103,154,312,142,39,153,129,190,132,101,427,174,469,128
OTU_87,4216,5150,1337,189,139,485,1869,1071,214,572,1427,592,1952,2847,2341,793,4335,2958,1720,4926
OTU_88,0,0,0,0,0,3,0,2,82,1,0,0,0,0,0,0,0,0,0,719
OTU_89,10753,11618,4602,22,0,1691,0,1196,223,1298,725,3,0,0,0,3,0,0,0,1
OTU_9,20,30,29,7,17,47,4906,3,5,26,2,12,196,202,411,0,383,1,830,11
OTU_90,0,0,1,126,111,9,0,10,137,36,11,0,0,0,0,0,0,0,204,0
OTU_91,8,16,23,69,46,352,364,116,364,313,27,858,1031,1486,1449,5,358,107,868,0
OTU_92,0,0,0,0,0,0,0,2,212,0,0,0,0,0,0,0,0,0,0,0
OTU_93,0,0,0,0,0,0,76,0,0,0,0,102,0,0,1,1,41,142,30,0
OTU_94,0,0,0,0,0,5,14,0,0,0,0,2,1,0,0,1,75,0,30,0
OTU_95,796,1075,1570,6,591,3135,5072,8,145,251,79,2055,888,1346,368,1084,45070,249,16307,554
OTU_96,0,0,0,0,0,0,0,0,0,0,0,0,0,0,0,0,0,0,0,2740
OTU_97,0,1,0,0,2,5,0,5,149,15,2,0,0,2,0,0,0,0,0,0
OTU_98,0,0,0,0,0,13,0,0,0,0,0,6,0,0,0,0,0,20,670,36
OTU_99,183,191,133,0,0,4,29,34,3,41,8,1,0,0,1,0,0,0,4,0
