sample_ID,order,tag_sequence,primer_sequence_F,primer_sequence_R,library_tag_combo,library,sample_type,locus,tag_number,R1,R2,Treatment,Time_of_Day,Description,Description_3,site,SEQ,BOTTLE,DEPTH,CRUISE,PLATFORM,DEC_LAT,DEC_LONG,TMP,SAL,CHL_GFF,PRESSURE,NO3,OXY_ML,RDEP,TRANSMISS,SIG_T,FLUOR,DATE_TIME,cruise,SEQAvg_dg,AvgOfTMP,StDevOfTMP,CountOfTMP,AvgOfSAL1,StDevOfSAL,CountOfSAL,AvgOfCHLA,StDevOfCHLA,CountOfCHLA,AvgOfOXY_ML1,CountOfOXY_ML1,CountOfOXY_ML,AvgOfTRANSMISS,StDevOfTRANSMISS,CountOfTRANSMISS,AvgOfSIGMA_THETA,StDevOfSIGMA_THETA,CountOfSIGMA_THETA
UC1,1,TTCTAGCT,CACGACGTTGTAAAACGAC,GGATAACAATTTCACACAGG,N7_TTCTAGCT,N7,environmental,COI,1,UC1-COI_S22_L001_R1_001.fastq.gz,UC1-COI_S22_L001_R2_001.fastq.gz,night,night,PCNorth,PCNorth,UC1,5,7,10,GOC,WESTERN FLYER,35.9998,-121.7698,12.5657,33.308,0.790421429,10.176,2.529,6.01342,10.102,86.5032,25.1675,0.0798,2/4/08 7:13,GOC12,6,11.18530891,1.27092245,101,33.41352475,0.138192064,101,0.570750495,0.5094546,101,4.649443564,101,101,88.56587921,1.576289245,101,25.50029604,0.326118478,101
UC2,2,CCTAGAGT,CACGACGTTGTAAAACGAC,GGATAACAATTTCACACAGG,N8_CCTAGAGT,N8,environmental,COI,2,UC2-COI_S23_L001_R1_001.fastq.gz,UC2-COI_S23_L001_R2_001.fastq.gz,day,transition,PCNorth,PCNorth,UC2,7,7,10,GOC,WESTERN FLYER,34.9998,-121.56,12.718,33.2764,0.963928571,9.793,1.441,5.97563,9.722,85.7702,25.1134,0.0978,2/4/08 16:37,GOC12,8,11.653558,1.232334694,100,33.341325,0.112857519,100,0.688444,0.537666711,100,4.906637,100,100,88.278839,1.773990119,100,25.359315,0.29797853,100
UC3,3,GCGTAAGA,CACGACGTTGTAAAACGAC,GGATAACAATTTCACACAGG,N11_GCGTAAGA,N11,environmental,COI,3,UC3-COI_S24_L001_R1_001.fastq.gz,UC3-COI_S24_L001_R2_001.fastq.gz,night,transition,PCNorth,PCNorth,UC3,9,7,10,GOC,WESTERN FLYER,34,-120.61,12.6574,33.4163,1.310942857,9.667,5.192,5.74635,9.598,84.5652,25.2337,0.1162,2/5/08 3:39,GOC12,10,10.567003,1.344471789,100,33.68538,0.206014395,100,0.456736,0.645336207,100,3.438635,100,100,89.03849,2.01929369,100,25.820711,0.395819277,100
UC4,4,CTATTAAG,CACGACGTTGTAAAACGAC,GGATAACAATTTCACACAGG,N12_CTATTAAG,N12,environmental,COI,4,UC4-COI_S25_L001_R1_001.fastq.gz,UC4-COI_S25_L001_R2_001.fastq.gz,day,day,EUNorth,EUNorth,UC4,11,7,10,GOC,WESTERN FLYER,33,-118.23,14.7095,33.4129,0.751864286,10.065,0.274,5.78379,9.994,84.5893,24.8115,0.0754,2/5/08 20:39,GOC12,12,12.855961,1.574934841,100,33.490239,0.124022584,100,0.342847,0.513842217,100,4.150925,100,100,87.90141,2.44623541,100,25.241416,0.387430617,100
UC5,5,AAGGCTAT,CACGACGTTGTAAAACGAC,GGATAACAATTTCACACAGG,N13_AAGGCTAT,N13,environmental,COI,5,UC5-COI_S26_L001_R1_001.fastq.gz,UC5-COI_S26_L001_R2_001.fastq.gz,night,night,EUNorth,EUNorth,UC5,13,7,10,GOC,WESTERN FLYER,32,-118.1667,15.2646,33.4842,0.557150714,9.725,0.322,5.67556,9.657,88.1092,24.746,0.0508,2/6/08 6:50,GOC12,14,12.321498,1.770845949,100,33.519645,0.116047075,100,0.616003,0.627202389,100,3.960167,100,100,88.774005,1.737731319,100,25.364624,0.407508407,100
UC6,6,GAGCCTTA,CACGACGTTGTAAAACGAC,GGATAACAATTTCACACAGG,N14_GAGCCTTA,N14,environmental,COI,6,UC6-COI_S27_L001_R1_001.fastq.gz,UC6-COI_S27_L001_R2_001.fastq.gz,day,day,EUNorth,EUNorth,UC6,15,10,10,GOC,WESTERN FLYER,30.9998,-116.5598,15.6554,33.5118,0.231342857,9.959,0.123,5.58549,9.891,87.8959,24.6808,0.0498,2/6/08 22:10,GOC12,16,13.64429901,1.822452818,101,33.49046238,0.092610997,101,0.666056436,0.565882274,101,4.433089109,101,101,88.35291683,1.0471103,101,25.07959307,0.394927252,101
UC7,7,TTATGCGA,CACGACGTTGTAAAACGAC,GGATAACAATTTCACACAGG,N15_TTATGCGA,N15,environmental,COI,7,UC7-COI_S28_L001_R1_001.fastq.gz,UC7-COI_S28_L001_R2_001.fastq.gz,night,night,EUNorth,EUNorth,UC7,17,10,10,GOC,WESTERN FLYER,30.0263,-116.125,15.467,33.4765,0.305565357,10.394,0,5.61019,10.323,87.9751,24.6956,0.0508,2/7/08 9:22,GOC12,18,13.057693,1.691338323,100,33.562895,0.147563825,100,0.478388,0.402780183,100,3.935789,100,100,87.597776,1.543175207,100,25.256188,0.434631485,100
UC9,8,TCGACTAG,CACGACGTTGTAAAACGAC,GGATAACAATTTCACACAGG,N16_TCGACTAG,N16,environmental,COI,8,UC9-COI_S29_L001_R1_001.fastq.gz,UC9-COI_S29_L001_R2_001.fastq.gz,dawn,transition,EUNorth,EUNorth,UC9,21,10,10,GOC,WESTERN FLYER,27.9933,-115.7003,16.3218,33.7916,0.992846429,9.535,0.179,5.60689,9.472,83.3654,24.7451,0.0893,2/8/08 2:59,GOC12,22,13.459325,1.629307376,100,33.956175,0.188371721,100,0.468174,0.533652838,100,2.701108,100,100,87.328043,2.320811976,100,25.48109,0.452431292,100
UC10,9,TTCTAGCT,CACGACGTTGTAAAACGAC,GGATAACAATTTCACACAGG,N17_TTCTAGCT,N17,environmental,COI,9,UC10-COI_S30_L001_R1_001.fastq.gz,UC10-COI_S30_L001_R2_001.fastq.gz,dawn,transition,EUSouth,EUSouth,UC10,23,10,10,GOC,WESTERN FLYER,27.0043,-114.5317,17.2132,33.8854,0.257368929,9.702,0.016,5.38347,9.638,87.6909,24.6088,0.0473,2/8/08 14:34,GOC12,24,14.135094,2.547006494,100,33.744611,0.150846906,100,0.481323,0.527018013,100,3.978395,100,100,88.505211,1.299081763,100,25.159526,0.487959804,100
UC12,10,CCTAGAGT,CACGACGTTGTAAAACGAC,GGATAACAATTTCACACAGG,N18_CCTAGAGT,N18,environmental,COI,10,UC12-COI_S31_L001_R1_001.fastq.gz,UC12-COI_S31_L001_R2_001.fastq.gz,night,night,EUSouth,EUSouth,UC12,28,10,10,GOC,WESTERN FLYER,24.9998,-112.9597,18.8512,34.1406,0.202425,10.313,0.083,5.22547,10.246,87.8362,24.4025,0.0431,2/9/08 12:28,GOC12,29,16.621156,2.011686152,100,34.12072,0.144749527,100,0.480868,0.459030261,100,3.497033,100,100,87.996461,1.57368087,100,24.912061,0.474623256,100
UC13,11,GCGTAAGA,CACGACGTTGTAAAACGAC,GGATAACAATTTCACACAGG,N19_GCGTAAGA,N19,environmental,COI,11,UC13-COI_S32_L001_R1_001.fastq.gz,UC13-COI_S32_L001_R2_001.fastq.gz,day,day,EUSouth,EUSouth,UC13,30,10,10,GOC,WESTERN FLYER,24.0003,-112.3285,19.6516,34.1056,0.121455,10.621,0.07,5.10506,10.553,89.4445,24.171,0.0362,2/9/08 21:54,GOC12,31,16.85098911,2.843193739,101,33.9304495,0.179233628,101,0.191116832,0.338821402,101,4.15589703,101,101,89.27042178,0.433792563,101,24.6933802,0.532752669,101
UC14,12,CTATTAAG,CACGACGTTGTAAAACGAC,GGATAACAATTTCACACAGG,N20_CTATTAAG,N20,environmental,COI,12,UC14-COI_S33_L001_R1_001.fastq.gz,UC14-COI_S33_L001_R2_001.fastq.gz,night,night,EUSouth,EUSouth,UC14,32,10,10,GOC,WESTERN FLYER,23.0005,-110.4102,20.2795,34.4194,0.217847857,10.09,0.074,5.03736,10.026,88.8598,24.2456,0.0418,2/10/08 13:01,GOC12,33,17.106512,2.55021129,100,34.407228,0.106416838,100,0.10521,0.544341826,100,2.792904,100,100,89.175332,0.790473833,100,25.007365,0.635490368,100
UC15,13,AAGGCTAT,CACGACGTTGTAAAACGAC,GGATAACAATTTCACACAGG,N21_AAGGCTAT,N21,environmental,COI,13,UC15-COI_S34_L001_R1_001.fastq.gz,UC15-COI_S34_L001_R2_001.fastq.gz,day,day,EUSouth,EUSouth,UC15,39,PCTD,10,GOC,WESTERN FLYER,23.1195,-109.3158,20.6058,35.0242,,,,4.4164,10,,24.6194,0.3213,2/12/08 2:32,GOC12,39,17.301204,2.538742712,100,34.895284,0.12191957,100,0.288112,0.76919031,100,2.081747,100,100,89.320167,1.707339777,100,25.335245,0.533383687,100
GOC2a,14,GAGCCTTA,CACGACGTTGTAAAACGAC,GGATAACAATTTCACACAGG,N4_GAGCCTTA,N4,environmental,COI,14,GOC2a-COI_S35_L001_R1_001.fastq.gz,GOC2a-COI_S35_L001_R2_001.fastq.gz,night,night,EUSouth,EUSouth,GOC2.0,37,10,10,GOC,WESTERN FLYER,20.996,-109.997,24.1402,34.456,0.212064286,10.733,0.071,4.66365,10.666,88.9366,23.1888,0.0585,2/11/08 8:46,GOC12,37,21.30077273,3.272618797,99,34.609,0.073990886,99,1.141789899,0.450766492,99,2.800174747,99,99,89.89944949,1.056394719,99,24.07252323,0.887671,99
GOC2b,15,TTATGCGA,CACGACGTTGTAAAACGAC,GGATAACAATTTCACACAGG,N5_TTATGCGA,N5,environmental,COI,15,GOC2b-COI_S36_L001_R1_001.fastq.gz,GOC2b-COI_S36_L001_R2_001.fastq.gz,night,night,EUSouth,EUSouth,GOC2.0,37,10,10,GOC,WESTERN FLYER,20.996,-109.997,24.1402,34.456,0.212064286,10.733,0.071,4.66365,10.666,88.9366,23.1888,0.0585,2/11/08 8:46,GOC12,37,21.30077273,3.272618797,99,34.609,0.073990886,99,1.141789899,0.450766492,99,2.800174747,99,99,89.89944949,1.056394719,99,24.07252323,0.887671,99
CP23,16,TCGACTAG,CACGACGTTGTAAAACGAC,GGATAACAATTTCACACAGG,N3_TCGACTAG,N3,environmental,COI,16,CP23-COI_S37_L001_R1_001.fastq.gz,CP23-COI_S37_L001_R2_001.fastq.gz,night,night,EUSouth,GOC,CP23,40,PCTD,10,GOC,WESTERN FLYER,23.4877,-109.2293,20.8573,35.0599,,,,4.6669,10,,24.5788,0.3513,2/12/08 6:05,GOC12,40,17.330345,2.693469897,100,34.894265,0.12604999,100,0.417296,0.888070961,100,2.191579,100,100,88.990024,2.271516152,100,25.323795,0.555847984,100
UC3_2,3.3,TTCTAGCT,CACGACGTTGTAAAACGAC,GGATAACAATTTCACACAGG,N10_TTCTAGCT,N10,environmental,COI,17,UC3-2-COI_S38_L001_R1_001.fastq.gz,UC3-2-COI_S38_L001_R2_001.fastq.gz,night,transition,PCNorth,PCNorth,UC3,9,7,10,GOC,WESTERN FLYER,34,-120.61,12.6574,33.4163,1.310942857,9.667,5.192,5.74635,9.598,84.5652,25.2337,0.1162,2/5/08 3:39,GOC12,10,10.567003,1.344471789,100,33.68538,0.206014395,100,0.456736,0.645336207,100,3.438635,100,100,89.03849,2.01929369,100,25.820711,0.395819277,100
CP23_2,18,CCTAGAGT,CACGACGTTGTAAAACGAC,GGATAACAATTTCACACAGG,N2_CCTAGAGT,N2,environmental,COI,18,CP23-2-COI_S39_L001_R1_001.fastq.gz,CP23-2-COI_S39_L001_R2_001.fastq.gz,night,night,EUSouth,GOC,CP23,40,PCTD,10,GOC,WESTERN FLYER,23.4877,-109.2293,20.8573,35.0599,,,,4.6669,10,,24.5788,0.3513,2/12/08 6:05,GOC12,40,17.330345,2.693469897,100,34.894265,0.12604999,100,0.417296,0.888070961,100,2.191579,100,100,88.990024,2.271516152,100,25.323795,0.555847984,100
UC3_1,3.2,GCGTAAGA,CACGACGTTGTAAAACGAC,GGATAACAATTTCACACAGG,N9_GCGTAAGA,N9,environmental,COI,19,UC3-1-COI_S40_L001_R1_001.fastq.gz,UC3-1-COI_S40_L001_R2_001.fastq.gz,night,transition,PCNorth,PCNorth,UC3,9,7,10,GOC,WESTERN FLYER,34,-120.61,12.6574,33.4163,1.310942857,9.667,5.192,5.74635,9.598,84.5652,25.2337,0.1162,2/5/08 3:39,GOC12,10,10.567003,1.344471789,100,33.68538,0.206014395,100,0.456736,0.645336207,100,3.438635,100,100,89.03849,2.01929369,100,25.820711,0.395819277,100
CP23_1,17,CTATTAAG,CACGACGTTGTAAAACGAC,GGATAACAATTTCACACAGG,N1_CTATTAAG,N1,environmental,COI,20,CP23-1-COI_S41_L001_R1_001.fastq.gz,CP23-1-COI_S41_L001_R2_001.fastq.gz,night,night,EUSouth,GOC,CP23,40,PCTD,10,GOC,WESTERN FLYER,23.4877,-109.2293,20.8573,35.0599,,,,4.6669,10,,24.5788,0.3513,2/12/08 6:05,GOC12,40,17.330345,2.693469897,100,34.894265,0.12604999,100,0.417296,0.888070961,100,2.191579,100,100,88.990024,2.271516152,100,25.323795,0.555847984,100