#OTU ID,CP23_1,CP23_2,CP23,GOC2a,GOC2b,UC10,UC12,UC13,UC14,UC15,UC1,UC2,UC3_1,UC3_2,UC3,UC4,UC5,UC6,UC7,UC9
OTU_1,354,101,408,15102,11940,316,2355,2994,2301,7341,0,0,0,0,0,0,0,0,1,0
OTU_10,3028,1813,2980,194,244,3798,11160,14125,9808,23360,0,0,0,26,0,3,0,27,0,406
OTU_100,305,241,389,61,0,304,13,330,5,74,0,0,0,0,0,0,0,0,0,0
OTU_1000,0,0,0,8,0,0,0,0,0,0,0,0,0,0,0,0,0,0,0,0
OTU_1001,0,0,0,0,4,0,0,0,0,1,0,0,0,0,0,0,0,0,0,0
OTU_1002,0,0,0,0,0,0,0,0,0,0,0,324,0,0,0,0,0,0,0,0
OTU_1003,0,0,0,160,0,0,0,0,0,0,0,0,0,0,0,0,0,0,0,0
OTU_1004,0,0,0,15,0,0,0,0,0,0,0,0,0,0,0,0,0,0,0,0
OTU_1005,0,0,0,0,0,0,0,23,0,0,0,0,0,0,0,0,0,0,0,0
OTU_1006,17,0,26,0,0,0,0,0,0,0,0,0,0,0,0,0,0,0,0,0
OTU_1007,0,0,0,0,0,0,0,0,0,0,0,7,0,0,0,0,1,0,0,0
OTU_1008,0,0,0,0,0,0,15,0,0,0,0,0,0,0,0,0,0,0,0,0
OTU_1009,0,0,0,0,0,15,0,0,0,0,0,0,0,0,0,0,0,0,0,0
OTU_101,194,59,213,88,287,1,118,99,792,158,0,0,0,0,0,0,0,0,0,0
OTU_1010,3,0,4,18,6,0,0,0,0,6,0,0,0,0,0,0,0,0,0,0
OTU_1011,0,0,0,0,0,385,0,0,0,0,0,0,0,0,0,0,0,0,0,0
OTU_1012,0,0,0,0,0,0,0,0,78,0,0,0,0,0,0,0,0,0,0,0
OTU_1013,0,0,0,0,0,0,0,0,0,0,0,0,0,0,0,0,0,17,0,0
OTU_1014,0,0,0,45,38,0,5,28,20,37,0,0,0,0,0,0,0,0,0,0
OTU_1015,0,0,0,2,0,0,0,0,11,0,0,0,0,0,0,0,0,0,0,0
OTU_1016,0,0,0,0,0,0,0,0,0,0,0,0,0,0,0,387,0,0,0,0
OTU_1017,0,0,0,0,0,0,0,0,0,0,0,140,0,0,0,0,0,0,0,0
OTU_1018,0,0,0,2,11,0,0,0,6,0,0,0,0,0,0,0,0,0,0,0
OTU_1019,0,0,0,0,0,0,0,0,0,0,0,0,6,0,3,0,11,0,0,0
OTU_102,0,0,1,7,12,0,0,1,2,11,0,0,0,0,0,0,0,0,0,0
OTU_1020,0,0,0,0,4,0,0,0,0,0,0,0,0,0,0,0,0,0,0,0
OTU_1021,0,0,0,13,6,1,4,0,16,1,0,0,0,0,0,0,0,0,0,0
OTU_1022,0,0,0,0,0,0,0,0,0,0,2,0,0,0,0,0,5,0,0,2
OTU_1023,0,0,0,0,0,0,0,1,0,0,0,0,0,0,0,0,0,195,0,0
OTU_1024,0,0,0,0,0,0,0,0,0,0,0,0,0,0,0,0,0,0,227,0
OTU_1025,0,0,0,0,0,0,0,0,0,0,3,0,0,0,0,0,0,0,0,2
OTU_1026,12,0,4,0,0,0,0,2,3,0,0,0,0,0,0,0,0,0,0,0
OTU_1027,0,0,0,0,0,0,0,0,0,0,3,0,0,0,0,0,9,0,0,7
OTU_1028,0,0,0,0,0,0,0,0,0,0,34,0,4,0,6,0,117,0,0,132
OTU_1029,0,0,0,0,0,212,0,0,0,0,0,0,0,0,0,0,0,0,0,0
OTU_103,12,1,9,20,6,129,68,19,26,71,0,0,0,0,0,0,13,19,3,0
OTU_1030,0,0,0,0,0,0,0,0,18,0,0,0,0,0,0,0,0,0,0,0
OTU_1031,0,0,0,0,0,29,0,7,0,0,0,0,0,0,0,0,0,0,0,0
OTU_1032,24,0,10,0,0,0,0,0,0,0,0,0,0,0,0,0,0,0,0,0
OTU_1033,0,0,0,0,0,0,0,0,5,0,0,0,0,0,0,0,0,0,0,0
OTU_1034,0,2,0,19,0,0,0,0,0,0,0,0,0,0,0,0,0,0,0,0
OTU_1035,0,0,0,0,0,0,0,0,0,0,0,0,9,0,12,0,0,0,0,0
OTU_1036,0,0,0,0,0,0,0,0,0,0,0,1,0,0,0,0,7,0,0,0
OTU_1037,30,13,47,0,0,0,0,0,0,0,0,0,0,0,0,0,0,0,0,0
OTU_1038,0,0,0,0,0,0,0,0,0,0,0,0,0,7,0,0,0,0,0,0
OTU_1039,6,0,0,1,6,17,0,0,20,1,0,0,0,1,0,0,0,0,0,7
OTU_104,0,0,0,212,135,0,0,0,0,0,0,0,0,0,0,0,0,0,0,0
OTU_1040,0,0,0,0,0,0,0,0,0,0,0,0,0,0,0,0,0,7,0,0
OTU_1041,0,0,0,0,0,0,0,0,0,0,0,0,0,0,0,0,8,0,0,10
OTU_1042,0,0,0,0,9,0,0,0,0,0,0,0,0,0,0,0,0,0,0,0
OTU_1043,0,0,0,0,0,0,0,0,0,0,7,0,0,0,0,0,5,0,0,6
OTU_1044,0,0,0,0,0,0,0,0,0,0,2,0,0,0,0,0,6,0,0,0
OTU_1045,0,0,0,0,0,0,0,0,0,0,0,6,0,0,0,0,1,0,4,0
OTU_1046,0,0,0,4,6,0,7,0,0,13,0,0,0,0,0,0,0,0,0,0
OTU_1047,0,0,0,0,0,0,0,0,0,0,194,0,0,0,0,0,0,0,0,0
OTU_1048,0,0,0,0,0,0,0,0,0,0,2,0,0,0,0,0,13,0,0,3
OTU_1049,0,0,0,0,0,0,0,0,0,0,0,0,0,0,0,0,2,0,0,2
OTU_105,0,0,0,0,0,0,0,0,4,0,0,0,0,0,0,4868,342,2,10,101
OTU_1050,0,0,0,0,0,0,0,0,0,0,0,0,0,0,0,0,0,17,0,0
OTU_1051,0,0,0,0,0,0,0,10,0,0,0,0,0,0,0,0,0,0,0,0
OTU_1052,0,0,0,0,0,0,0,0,0,0,0,0,20,0,0,0,0,0,0,0
OTU_1053,0,0,0,0,0,0,0,0,0,0,0,0,9,0,3,0,5,0,0,0
OTU_1054,0,0,0,0,0,4,18,0,0,0,0,2,0,0,1,0,2,0,0,0
OTU_1055,0,0,0,5,5,0,0,0,1,0,0,0,0,0,0,0,0,0,0,0
OTU_1056,17,1,13,0,0,47,1,0,1,3,0,0,0,0,0,0,0,0,0,0
OTU_1057,0,0,0,0,0,0,0,0,0,14,0,0,0,0,0,0,0,0,0,0
OTU_1058,763,1264,759,0,0,0,1,0,0,0,0,0,0,0,0,0,0,0,0,0
OTU_1059,0,0,0,0,0,0,0,0,0,0,0,0,0,0,0,0,0,157,0,0
OTU_106,652,11,587,4087,246,130,0,514,1087,2,0,0,0,0,0,0,0,0,0,0
OTU_1060,0,0,0,0,0,0,0,0,0,0,2,0,0,0,0,0,5,0,0,0
OTU_1061,0,0,0,0,0,0,0,0,0,0,0,0,0,0,0,0,0,3,0,0
OTU_1062,85,0,64,0,0,0,0,0,0,0,0,0,0,0,0,0,0,0,0,0
OTU_1063,0,0,0,0,0,0,1,0,0,0,0,0,90,0,41,0,0,0,0,0
OTU_1064,0,0,0,0,0,0,0,0,0,0,0,1,0,3,9,0,4,0,0,0
OTU_1065,0,0,0,0,0,0,1,0,0,0,0,651,0,0,0,0,0,0,0,0
OTU_1066,0,0,0,0,0,0,0,0,0,0,0,0,0,102,0,0,0,0,0,0
OTU_1067,4,0,2,0,0,0,0,0,0,0,0,0,0,0,0,0,0,0,0,0
OTU_1068,18,0,16,0,0,0,0,0,0,0,0,0,0,0,0,0,0,0,0,0
OTU_1069,0,0,0,0,0,0,0,0,0,0,0,0,0,0,0,0,0,15,0,0
OTU_107,0,0,1,0,1,268,0,0,0,0,11,147,0,0,41,795,2370,25,1687,385
OTU_1070,16,0,0,0,0,0,0,0,0,0,0,0,0,0,0,0,0,0,0,0
OTU_1071,0,0,0,0,0,0,0,0,220,0,0,0,0,0,0,0,0,0,0,0
OTU_1072,0,0,0,1,0,0,3,0,0,1,0,0,37,0,1,0,0,0,0,0
OTU_1073,3,1,0,25,0,0,0,0,0,0,0,0,0,0,0,0,0,0,0,0
OTU_1074,0,0,0,0,0,0,0,0,0,0,0,0,0,0,0,0,0,7,0,0
OTU_1075,0,0,0,0,0,0,0,0,0,0,0,0,22,15,20,0,18,0,0,0
OTU_1076,0,0,1,21,42,0,3,15,8,29,0,0,0,0,0,0,0,0,0,0
OTU_1077,0,0,0,0,0,0,0,17,0,0,0,0,0,0,0,0,0,0,0,0
OTU_1078,0,0,0,0,0,0,7,0,0,0,0,0,0,0,0,0,0,0,0,0
OTU_1079,0,0,0,0,0,0,110,0,0,0,0,0,0,0,0,0,0,0,0,0
OTU_108,0,0,0,0,0,58,0,0,0,0,0,0,1,2,4,0,498,0,178,0
OTU_1080,0,0,0,0,0,0,0,0,0,0,0,0,0,0,0,0,0,0,14,0
OTU_1081,0,0,0,0,0,1,0,0,0,0,555,1,58,19,57,1,614,0,198,8
OTU_1082,0,8,0,15,0,0,0,0,0,0,0,0,0,0,0,0,0,0,0,0
OTU_1083,0,0,0,1,0,0,0,0,0,0,0,0,0,0,0,0,0,1079,0,0
OTU_1084,12,1,25,0,0,0,0,0,0,0,3,3,0,0,0,5,0,0,0,0
OTU_1085,0,0,0,0,0,0,0,0,0,0,0,0,0,0,0,0,1,0,10,0
OTU_1086,0,0,0,108,0,0,0,0,0,0,0,0,0,0,0,0,0,0,0,0
OTU_1087,0,0,0,0,0,0,0,0,0,0,0,0,116,0,85,0,0,0,0,0
OTU_1088,0,0,0,0,0,0,0,0,0,0,0,24,0,0,0,0,0,0,0,0
OTU_1089,0,0,0,0,15,0,0,0,0,0,0,0,0,0,0,0,0,0,0,0
OTU_109,0,0,0,0,0,0,0,0,0,0,0,113,183,243,140,0,0,0,0,0
OTU_1090,0,1,1,235,0,0,0,0,0,0,0,0,0,0,0,0,0,0,0,0
OTU_1091,0,0,0,196,16,0,0,0,0,0,0,0,0,0,0,0,0,0,0,0
OTU_1092,0,0,0,0,0,34,0,0,0,0,142,120,90,11,180,0,19,0,34,0
OTU_1093,0,0,0,0,0,0,0,0,19,0,0,0,0,0,0,0,0,0,0,0
OTU_1094,0,0,0,0,0,0,0,0,0,175,0,0,0,0,0,0,0,0,0,0
OTU_1095,0,0,0,0,0,0,0,0,0,0,0,0,0,0,0,0,2,0,0,0
OTU_1096,0,0,0,2,9,0,0,0,0,0,0,0,0,0,0,0,0,0,0,0
OTU_1097,0,0,0,0,0,0,0,0,0,64,0,0,0,0,0,0,0,0,0,0
OTU_1098,0,0,0,0,0,38,0,0,0,0,0,0,0,0,0,0,0,0,0,0
OTU_1099,0,0,0,0,0,0,19,0,0,0,0,0,0,0,0,0,0,0,0,0
OTU_11,148,63,180,2,1,50,130,56,70,43,0,0,0,0,0,2,0,7,0,0
OTU_110,26,5,29,30,62,633,73,29,106,300,0,0,0,0,0,0,0,0,0,0
OTU_1100,0,3,0,0,0,3,0,0,12,0,1,0,0,0,0,0,0,0,0,0
OTU_1101,0,0,0,0,0,0,0,0,0,0,0,5,0,51,1,0,0,0,0,0
OTU_1102,3,0,0,0,0,0,0,0,0,5,0,0,0,0,0,0,0,0,0,0
OTU_1103,0,0,0,0,0,0,183,0,0,0,0,0,0,0,0,0,0,0,0,0
OTU_1104,0,0,0,0,0,0,0,0,0,0,16,0,0,60,2,6,0,0,0,0
OTU_1105,0,0,0,0,0,0,0,0,0,0,2,1,60,33,71,0,55,0,0,0
OTU_1106,0,0,0,21,18,0,7,1,0,1,0,0,0,0,0,0,0,0,0,0
OTU_1107,0,0,0,0,0,0,0,0,0,0,0,0,0,0,1,0,8,0,0,10
OTU_1108,0,0,3,0,0,30,4,28,3,1,0,0,0,0,0,0,0,0,0,0
OTU_1109,0,0,0,0,0,0,0,0,0,0,0,0,0,0,0,0,29,0,0,0
OTU_111,142,60,148,146,87,0,361,29,336,19,0,0,0,0,0,0,0,0,0,0
OTU_1110,0,0,0,0,0,0,0,0,0,0,0,6,0,0,0,0,2,0,14,0
OTU_1111,0,0,0,0,0,11,0,0,2,3,0,0,0,0,0,0,0,0,0,0
OTU_1112,0,0,10,0,0,0,0,0,0,0,0,0,0,0,0,0,0,0,0,0
OTU_1113,0,0,0,0,0,0,0,0,0,0,0,0,0,0,0,0,7,0,0,0
OTU_1114,0,0,0,0,0,0,0,0,0,0,0,0,0,3,0,2,0,0,17,1
OTU_1115,0,0,0,0,0,0,0,0,0,0,0,0,0,0,0,12,3,0,0,0
OTU_1116,0,0,0,0,0,0,0,0,0,5,0,0,0,0,0,0,0,0,0,0
OTU_1117,0,1,0,10,0,0,0,0,0,0,0,0,0,0,0,0,0,0,0,0
OTU_1118,0,0,0,0,0,0,0,0,0,5,0,0,0,0,0,0,0,0,0,0
OTU_1119,0,3,1,0,0,0,0,0,0,0,0,0,0,0,0,0,0,0,0,0
OTU_112,49,133,49,123,168,800,45,0,730,382,0,360,247,20,217,0,7,0,1,240
OTU_1120,0,0,0,0,0,0,0,0,0,0,0,0,0,0,0,0,0,21,0,0
OTU_1121,0,0,0,0,0,0,1,7,0,0,0,0,0,0,0,1,0,0,10,0
OTU_1122,0,0,0,8,0,0,0,0,0,1,0,0,0,0,0,0,0,0,0,0
OTU_1123,0,0,0,0,0,0,0,0,0,0,2,0,3,0,0,0,1,0,0,0
OTU_1124,0,1,0,0,0,0,4,0,0,5,0,0,0,0,0,2,7,1,0,0
OTU_1125,0,0,0,0,0,0,0,0,0,7,0,0,0,0,0,0,0,0,0,0
OTU_1126,0,0,0,0,0,0,0,0,0,0,0,0,0,0,0,0,0,0,10,0
OTU_1127,0,0,0,1,0,0,0,29,0,0,0,0,0,0,0,0,0,0,0,0
OTU_1128,0,0,0,0,0,0,0,13,0,0,0,0,0,0,0,0,1,0,0,0
OTU_1129,0,0,0,0,9,0,0,0,0,0,0,0,0,0,0,0,0,0,0,0
OTU_113,0,0,0,0,0,0,0,0,0,0,0,47,0,0,0,0,89,0,36,0
OTU_1130,0,0,0,0,0,0,0,35,0,0,0,0,0,0,0,0,0,0,0,0
OTU_1131,0,1,0,9,0,0,0,0,0,0,0,0,0,0,0,0,0,0,0,0
OTU_1132,0,0,0,0,0,0,0,0,4,6,0,0,0,0,0,0,0,0,0,0
OTU_1133,0,0,0,0,0,0,0,0,0,0,0,0,9,0,1,0,0,0,0,0
OTU_1134,0,0,0,0,0,0,0,0,0,0,0,0,0,0,0,0,0,3,0,0
OTU_1135,0,0,0,0,0,0,0,5,2,7,0,0,0,0,0,0,0,0,0,0
OTU_1136,2,1,7,0,0,0,0,0,2,0,0,0,0,0,0,0,0,0,0,0
OTU_1137,0,0,0,7,0,0,0,0,0,0,0,0,0,0,0,0,0,0,0,0
OTU_1138,0,0,0,0,0,0,0,0,4,0,0,0,0,0,0,0,0,0,0,0
OTU_1139,0,0,0,0,0,0,0,0,0,0,0,0,0,2,0,2,0,2,0,0
OTU_114,7,10,15,28,6,75,23,46,20,46,0,0,0,0,0,0,1,0,1,0
OTU_1140,0,0,0,0,0,0,0,0,0,0,0,0,0,0,0,0,10,0,0,0
OTU_1141,0,0,0,0,0,0,0,0,0,0,0,21,0,0,0,0,0,0,0,0
OTU_1142,0,0,0,0,0,0,0,0,0,0,0,0,0,27,0,0,0,0,0,0
OTU_1143,0,0,0,0,0,0,0,0,0,0,0,0,0,3,0,1,22,0,0,0
OTU_1144,0,0,0,0,0,0,0,0,0,0,3,0,0,0,0,0,0,0,35,0
OTU_1145,0,33,0,0,0,0,4,0,0,0,0,0,0,0,0,0,0,0,0,0
OTU_1146,0,0,0,0,0,0,0,2,0,0,3,2,0,8,0,1,0,0,9,0
OTU_1147,0,0,0,0,0,0,0,0,9,0,0,0,0,0,0,0,0,0,0,0
OTU_1148,0,0,0,0,0,0,0,0,0,0,0,0,0,7,4,4,0,0,0,0
OTU_1149,3,0,0,0,2,0,1,1,0,0,0,0,0,0,3,0,0,0,7,0
OTU_115,0,0,0,0,2,105,0,3,17,0,127,36,726,386,824,171,1301,176,2807,26
OTU_1150,0,0,0,0,0,0,0,0,0,0,0,0,0,0,0,2,2,0,0,6
OTU_1151,0,0,0,3,2,0,0,10,0,6,0,0,0,0,0,0,0,0,0,0
OTU_1152,0,0,0,0,0,0,0,0,0,0,0,0,0,0,4,10,1,0,0,0
OTU_1153,0,0,0,0,0,0,0,0,0,0,6,28,0,0,0,0,0,0,0,0
OTU_1154,9,1,7,0,0,0,13,0,0,1,0,0,0,0,0,0,0,0,0,0
OTU_1155,0,0,0,0,0,0,0,0,19,0,0,0,0,0,0,0,0,0,0,0
OTU_1156,0,0,0,0,0,0,0,9,0,0,0,0,0,0,0,0,0,0,0,0
OTU_1157,0,0,0,0,29,0,0,0,0,0,0,0,0,0,0,0,0,0,0,0
OTU_1158,0,0,0,0,0,0,0,0,0,0,0,0,0,0,4,2,16,0,36,0
OTU_1159,0,0,0,17,0,0,1,0,0,2,0,0,0,0,0,0,0,0,0,0
OTU_116,7022,2013,6930,50,0,3157,1527,416,3411,1446,0,0,0,0,0,2,0,0,0,0
OTU_1160,3,0,13,0,0,0,0,0,0,0,0,0,0,0,0,0,0,0,0,0
OTU_1161,0,0,0,0,0,10,1,16,5,1,0,0,0,0,0,0,0,0,0,0
OTU_1162,0,0,0,0,0,0,0,0,0,0,0,0,0,11,4,2,0,0,0,0
OTU_1163,0,0,0,0,0,0,0,0,0,0,0,0,13,30,7,0,0,0,4,0
OTU_1164,1,1,3,0,0,9,0,14,1,3,0,0,0,0,0,0,0,0,0,0
OTU_1165,0,3,0,7,0,0,0,0,0,1,0,0,0,0,0,0,0,0,0,0
OTU_1166,11,0,0,0,0,0,0,0,0,0,0,0,0,0,0,0,0,0,0,0
OTU_1167,0,0,0,0,0,0,0,0,0,0,0,12,0,0,0,0,0,6,0,0
OTU_1168,0,5,1,0,0,0,0,0,10,0,0,0,0,0,0,0,0,0,0,0
OTU_1169,5,1,2,0,0,0,4,15,1,0,0,0,0,0,0,0,0,0,0,0
OTU_117,12,6,15,491,391,18,87,117,193,321,0,0,0,0,0,0,0,0,0,0
OTU_1170,0,0,0,0,0,0,0,0,6,0,0,0,0,0,0,0,0,0,0,0
OTU_1171,0,0,0,0,0,0,0,0,0,0,0,0,0,1,3,0,0,0,0,0
OTU_1172,0,0,0,3,0,0,0,0,0,1,0,0,0,0,0,0,0,0,0,0
OTU_1173,0,0,0,0,0,11,0,0,0,0,0,0,0,0,0,0,0,0,0,0
OTU_1174,0,0,0,0,0,0,0,0,0,0,0,0,0,0,0,0,1,0,17,0
OTU_1175,0,0,0,17,0,0,0,0,0,0,0,0,0,0,0,0,0,0,0,0
OTU_1176,0,0,0,0,0,0,0,0,0,0,6,0,13,0,1,0,20,0,0,19
OTU_1177,0,0,0,0,0,0,0,0,0,2,0,0,0,0,0,0,0,0,0,0
OTU_1178,0,0,0,0,0,0,0,0,0,9,0,0,0,0,0,0,0,0,0,0
OTU_1179,0,0,0,0,0,0,0,0,0,0,0,0,0,2,10,0,0,0,0,0
OTU_118,0,1,0,347,4,101,0,50,0,1,0,4,10,11,20,323,14,432,37,0
OTU_1180,0,0,0,0,0,20,3,19,0,1,0,0,0,0,0,0,0,0,0,0
OTU_1181,0,0,0,0,0,0,0,0,0,0,0,0,0,0,0,6,3,0,0,0
OTU_1182,0,1,0,0,0,0,0,0,3,0,0,0,0,0,0,0,0,0,0,0
OTU_1183,0,0,0,0,0,6,0,0,0,0,0,0,0,0,0,9,0,0,0,3
OTU_1184,0,0,0,0,0,0,0,0,0,0,0,0,0,0,0,0,7,0,0,0
OTU_1185,0,0,0,0,0,0,5,13,0,9,0,0,0,2,0,0,0,0,0,0
OTU_1186,0,0,1,0,3,0,0,3,16,2,0,0,0,0,0,0,0,0,0,0
OTU_1187,0,0,0,0,0,2,0,0,0,0,0,2,0,0,0,0,11,0,0,0
OTU_1188,0,1,0,0,0,0,0,0,0,0,0,0,0,0,0,0,0,10,0,1
OTU_1189,0,0,13,0,0,0,0,0,0,0,0,0,0,0,0,0,0,0,0,0
OTU_119,0,0,0,0,0,0,0,0,0,0,2471,2135,222,216,268,2702,226,32,535,0
OTU_1190,0,0,3,1,0,3,0,0,1,0,0,0,0,0,0,0,0,0,11,0
OTU_1191,0,0,0,0,0,0,0,0,0,0,0,0,0,0,0,0,3,2,0,0
OTU_1192,0,0,0,12,0,0,0,0,0,0,0,0,0,0,0,0,0,0,0,0
OTU_1193,0,0,0,0,0,8,0,0,0,0,0,0,0,0,0,0,0,0,0,0
OTU_1194,0,0,0,13,0,0,0,0,0,0,0,0,0,0,0,0,0,0,0,0
OTU_1195,0,0,0,0,0,0,0,4,0,0,0,0,0,0,0,0,0,0,0,0
OTU_1196,0,0,0,0,0,0,0,0,6,0,0,0,0,0,0,0,0,0,0,0
OTU_1197,5,1,0,0,2,1,1,0,0,0,0,0,0,0,0,1,0,0,3,0
OTU_1198,0,0,0,0,0,0,0,0,8,0,0,0,0,0,0,0,0,0,0,0
OTU_1199,0,0,0,0,0,0,0,0,0,0,0,0,0,0,0,0,0,0,4,0
OTU_12,0,0,0,0,0,1,0,5,0,1,937,402,5512,2396,5615,0,3853,0,36,0
OTU_120,0,0,0,0,0,165,0,0,0,0,0,43,12,0,16,0,132,0,873,161
OTU_1200,0,0,0,0,0,16,1,2,0,0,0,3,0,0,0,0,0,3,7,0
OTU_1201,0,1,0,9,3,0,0,6,0,3,0,0,0,0,0,0,0,0,0,0
OTU_1202,0,0,0,0,0,0,0,18,0,0,0,0,0,0,0,0,0,0,0,0
OTU_1203,0,0,0,0,14,0,0,0,0,0,0,0,0,0,0,0,0,0,0,0
OTU_1204,0,0,0,0,0,0,0,0,0,0,0,0,0,0,0,0,0,0,0,10
OTU_1205,4,0,2,0,0,0,0,0,0,0,0,0,0,0,0,0,0,0,0,0
OTU_1206,0,0,0,0,0,0,5,0,9,0,0,0,0,0,0,0,0,0,0,0
OTU_1207,0,0,0,0,0,0,0,0,0,0,0,0,0,0,1,0,3,0,0,2
OTU_1208,0,0,0,0,0,25,0,0,0,0,0,0,2,1,6,0,0,0,0,0
OTU_1209,17,0,1,0,0,0,0,0,0,0,0,0,0,0,0,0,0,0,0,0
OTU_121,6,1,22,79,44,0,3,0,231,10,0,0,0,0,0,0,1,0,0,3
OTU_1210,0,0,0,0,0,0,0,0,0,0,0,0,0,0,0,0,10,0,0,0
OTU_1211,0,0,2,1,2,0,15,0,0,0,0,0,0,0,0,0,0,0,0,0
OTU_1212,0,0,0,0,0,0,0,12,0,0,0,0,0,0,0,0,0,0,0,0
OTU_1213,0,0,0,0,0,0,0,0,0,0,0,0,0,0,2,0,0,1,7,0
OTU_1214,0,0,0,6,8,0,0,0,0,0,0,0,0,0,0,0,0,0,0,0
OTU_1215,0,1,0,7,0,0,0,0,0,0,0,0,0,0,0,0,0,0,0,0
OTU_1216,1,6,5,0,0,0,0,0,0,0,0,0,0,0,0,0,0,0,0,0
OTU_1217,0,0,0,0,0,0,0,0,0,0,0,0,0,0,0,0,1,0,9,0
OTU_1218,0,0,0,19,0,0,0,0,0,1,0,0,0,0,0,0,0,0,0,0
OTU_1219,0,0,0,0,0,7,0,0,1,1,1,0,0,0,0,0,0,0,3,0
OTU_122,0,0,0,0,0,13,1,0,0,0,0,21,801,362,543,6,29,370,657,0
OTU_1220,0,0,0,9,0,0,0,0,0,3,0,0,0,0,0,0,0,0,0,0
OTU_1221,0,0,0,0,0,0,9,0,0,0,0,0,0,0,0,0,0,0,0,0
OTU_1222,0,0,0,0,0,0,1,5,6,0,0,1,0,0,0,0,0,0,0,0
OTU_1223,0,0,0,0,0,0,15,0,0,0,0,0,0,0,0,0,0,0,0,0
OTU_1224,0,0,0,0,0,0,0,0,0,0,0,0,0,0,0,0,15,0,0,0
OTU_1225,0,0,0,5,6,0,0,6,1,9,0,0,0,0,0,0,0,0,0,0
OTU_1226,0,0,0,0,0,0,0,0,0,0,0,0,0,0,0,0,2,1,10,0
OTU_1227,0,0,0,0,0,0,0,0,0,0,0,0,0,0,0,0,0,0,0,4
OTU_1228,0,0,0,0,0,0,0,0,0,0,0,0,1,1,0,1,0,0,0,0
OTU_1229,0,0,0,0,9,0,0,0,0,2,0,0,0,0,0,0,0,0,0,0
OTU_123,4,1,7,0,0,398,0,0,0,8,4,9,37,73,84,20,0,0,37,7
OTU_1230,0,0,0,3,7,0,0,0,0,0,0,0,0,0,0,0,0,0,0,0
OTU_1231,0,0,0,0,0,0,7,4,0,8,0,0,0,0,0,0,0,0,0,0
OTU_1232,0,0,0,0,0,0,0,0,0,0,2,4,12,0,35,0,35,0,0,0
OTU_1233,0,0,0,0,0,0,0,0,0,0,0,1,0,0,0,0,0,0,14,0
OTU_1234,0,0,0,0,0,0,0,0,0,0,0,0,0,15,0,0,0,0,0,0
OTU_1235,0,0,0,0,0,0,0,0,0,0,1,0,0,0,0,0,10,0,0,5
OTU_1236,0,0,0,0,0,0,0,0,0,0,1,0,0,0,0,0,5,0,0,2
OTU_1237,0,0,0,0,0,56,3,0,1,0,0,0,0,0,0,0,0,0,0,0
OTU_1238,0,0,0,0,0,0,0,0,0,0,0,0,0,0,0,0,2,0,0,0
OTU_1239,0,0,0,0,0,15,0,0,8,0,0,0,0,0,0,0,0,0,0,0
OTU_124,0,0,0,332,110,0,0,0,0,0,0,0,0,0,0,0,0,0,0,0
OTU_1240,0,0,0,0,0,0,0,0,0,0,3,0,0,0,0,0,2,0,0,9
OTU_1241,0,0,0,1,0,0,0,0,0,0,0,0,0,0,0,0,0,2136,0,0
OTU_1242,2,1,1,0,0,0,0,1,4,0,1,0,0,0,0,0,0,0,7,0
OTU_1243,0,0,0,0,0,24,0,0,0,0,0,0,4,2,1,0,2,0,0,0
OTU_1244,0,0,0,0,0,0,0,22,0,0,0,0,0,0,0,0,0,0,0,0
OTU_1245,0,0,0,0,0,0,0,0,0,0,0,1,14,0,16,0,8,0,0,0
OTU_1246,10,12,3,0,0,0,0,0,0,0,0,0,0,0,0,0,0,0,0,0
OTU_1247,0,0,2,0,15,0,0,0,4,4,0,0,0,0,0,0,0,0,0,0
OTU_1248,0,0,0,0,0,0,0,0,0,0,22,1,0,0,0,0,0,0,0,0
OTU_1249,0,0,0,2,1,0,0,0,0,1,2,19,0,4,4,0,0,0,0,0
OTU_125,0,0,0,70,60,0,4,51,55,496,0,0,0,0,0,0,0,0,0,0
OTU_1250,0,0,0,0,0,0,0,0,0,0,0,0,0,7,0,0,0,0,0,0
OTU_1251,0,0,0,0,0,0,0,0,0,0,0,26,12,35,15,0,0,0,0,0
OTU_1252,0,0,0,0,25,0,0,0,0,7,0,0,0,0,0,0,0,0,0,0
OTU_1253,0,0,0,0,0,0,0,0,0,0,0,3,0,0,0,0,18,0,0,0
OTU_1254,0,0,0,0,0,0,0,0,0,0,0,0,0,0,0,0,1,0,17,8
OTU_1255,0,0,0,0,0,0,4,0,4,11,0,0,0,0,0,0,0,0,0,0
OTU_1256,0,0,0,12,0,0,0,0,0,0,0,0,0,0,0,0,0,0,0,0
OTU_1257,0,0,0,0,0,60,2,12,0,4,0,0,0,0,0,0,0,0,0,0
OTU_1258,0,0,0,0,0,0,0,0,0,0,0,0,0,0,0,0,9,0,0,0
OTU_1259,0,0,0,14,0,0,0,0,0,5,0,0,0,0,0,0,0,0,0,0
OTU_126,513,308,421,0,0,0,0,0,0,0,0,0,0,0,0,0,0,0,0,1
OTU_1260,0,0,0,0,0,0,0,0,0,0,0,0,0,0,0,0,19,0,0,0
OTU_1261,0,0,0,0,2,0,0,0,0,0,0,0,15,0,0,0,0,0,0,0
OTU_1262,0,0,0,0,0,0,0,0,0,0,0,0,0,7,0,0,0,0,0,0
OTU_1263,0,0,0,0,0,0,0,0,0,0,7,1,0,7,4,0,0,0,1,5
OTU_1264,0,0,0,0,1,0,1,0,9,0,0,0,0,0,0,0,0,1,0,0
OTU_1265,5,0,0,0,0,0,0,0,0,0,0,0,0,0,9,0,0,0,0,0
OTU_1266,0,0,0,0,0,2,0,0,0,0,0,0,0,0,0,0,0,13,2,0
OTU_1267,2,2,5,0,0,0,0,2,0,0,0,0,0,0,0,0,2,0,0,0
OTU_1268,7,0,3,0,0,0,0,0,0,0,0,0,0,0,0,0,0,0,0,0
OTU_1269,0,0,0,12,1,0,0,9,2,0,0,0,0,0,0,0,0,0,0,0
OTU_127,0,10,2,0,7,146,2,16,36,23,0,0,0,0,0,0,0,0,2,0
OTU_1270,0,0,0,0,0,0,0,0,0,0,0,0,0,0,0,0,1,0,0,4
OTU_1271,2,0,1,5,1,16,1,9,2,1,0,0,0,0,0,0,3,1,16,0
OTU_1272,0,0,0,1,0,1,0,1,3,4,0,0,0,0,0,0,1,0,3,2
OTU_1273,0,0,0,320,0,0,0,0,0,0,0,0,0,0,0,0,0,0,0,0
OTU_1274,0,0,0,27,0,23,0,60,6,4,11,96,12,25,15,0,0,0,5,0
OTU_1275,177,0,122,0,0,0,0,0,0,0,0,0,0,0,0,0,0,0,0,0
OTU_1276,2,0,7,0,38,0,0,0,0,0,0,0,0,0,0,0,0,0,0,0
OTU_1277,0,0,0,0,0,0,0,0,0,0,1,0,19,0,0,0,5,0,0,0
OTU_1278,49,9,16,0,0,0,0,0,0,0,0,0,0,0,0,0,0,0,0,0
OTU_1279,3,26,4,12,28,248,13,51,24,8,0,0,0,0,0,0,9,9,615,0
OTU_128,0,0,0,0,0,148,0,1745,0,0,0,0,0,0,0,0,0,0,0,0
OTU_1280,0,0,0,5,12,0,0,0,0,0,0,0,0,0,0,0,0,0,0,0
OTU_1281,0,0,0,0,0,0,0,0,0,0,0,0,0,0,0,0,0,0,10,0
OTU_1282,0,0,0,0,0,1,0,0,0,0,0,0,0,0,0,0,0,3,0,0
OTU_1283,0,1,1,0,0,8,0,0,0,0,0,0,0,0,0,0,0,0,0,95
OTU_1284,4,0,0,0,0,0,0,2,7,0,0,1,0,9,3,0,0,0,8,0
OTU_1285,0,4,0,19,8,44,4,7,8,4,0,3,2,7,7,32,20,0,0,0
OTU_1286,1,3,10,1,2,0,0,0,2,0,0,0,0,0,0,0,0,0,0,0
OTU_1287,0,1,0,7,2,2,0,2,1,0,17,14,0,4,4,0,0,1,13,0
OTU_1288,0,0,0,0,0,0,0,0,0,0,0,0,0,0,0,0,0,115,0,0
OTU_1289,322,45,398,0,1,0,0,0,0,0,0,0,0,0,0,0,0,0,0,0
OTU_129,511,113,428,2308,1719,1223,1332,2159,731,3232,3734,32001,7364,2117,7897,6776,9365,3504,8187,496
OTU_1290,0,0,0,0,0,4,1,1,0,0,1,5,0,0,1,0,1,0,14,0
OTU_1291,0,30,0,108,4,229,28,54,83,17,12,8,0,25,0,348,91,0,2,0
OTU_1292,0,0,0,0,0,49,0,0,0,0,0,0,0,0,0,0,0,0,0,0
OTU_1293,0,0,0,0,0,2,0,2,2,0,0,2,0,3,4,1,0,0,15,0
OTU_1294,11,10,17,0,0,0,0,0,0,0,0,0,0,0,0,0,0,0,0,0
OTU_1295,0,0,0,0,0,0,0,0,0,0,0,1,0,9,2,2,12,2,22,0
OTU_1296,0,0,0,0,0,0,0,6,0,0,0,0,0,0,0,0,0,0,0,0
OTU_1297,0,0,0,0,0,0,0,0,0,0,0,0,0,0,1,0,9,0,0,0
OTU_1298,0,0,0,0,0,0,0,8,0,0,0,0,0,0,0,0,0,0,0,0
OTU_1299,0,0,0,0,0,0,0,2,0,0,1,1,1,11,5,0,0,0,0,0
OTU_13,0,326,0,1896,1,0,0,0,3,0,0,0,0,0,0,0,0,0,0,0
OTU_130,361,5,391,46,44,0,0,11,99,0,0,0,0,0,0,0,0,0,0,0
OTU_1300,0,0,1,0,0,0,0,0,0,0,0,0,0,0,0,0,0,3,0,0
OTU_1301,0,0,0,0,0,0,0,0,0,28,0,0,0,0,0,0,0,0,0,0
OTU_1302,0,0,0,0,0,9,0,0,0,0,0,0,0,0,0,0,0,0,0,0
OTU_1303,0,0,0,0,29,0,0,0,0,0,0,0,0,0,0,0,0,0,0,0
OTU_1304,0,0,0,0,0,30,3,0,0,0,0,0,0,0,0,0,0,0,0,0
OTU_1305,0,0,0,0,0,1,0,0,0,0,0,0,0,3,1,0,0,1,22,3
OTU_1306,0,0,0,0,0,0,0,0,0,24,0,0,0,0,0,0,0,0,0,0
OTU_1307,1,0,1,0,0,3,3,10,3,0,0,0,0,0,0,0,0,0,0,0
OTU_1308,0,0,0,0,0,0,0,0,16,0,0,0,0,0,0,0,0,0,0,0
OTU_1309,0,0,0,0,0,0,0,0,3,0,0,0,0,0,0,0,0,0,0,0
OTU_131,0,6,1,0,0,83,108,75,33,81,810,889,5508,1071,5559,7,3946,53,2296,1341
OTU_1310,0,0,0,0,0,2,0,1,4,2,0,0,0,0,1,0,0,0,0,0
OTU_1311,0,0,4,0,0,5,3,0,7,6,0,0,0,0,0,0,0,0,0,0
OTU_1312,0,0,0,0,0,0,0,0,0,0,0,0,22,1,5,0,0,2,0,0
OTU_1313,0,0,0,0,0,0,0,0,0,0,0,0,30,0,2,0,0,0,0,0
OTU_1314,0,0,0,2,0,0,0,0,17,0,0,0,0,0,0,0,0,0,0,0
OTU_1315,0,1,0,6,0,0,0,0,0,0,0,0,0,0,0,0,0,0,0,0
OTU_1316,0,35,0,0,0,0,3,0,0,0,0,0,0,0,0,0,0,0,0,0
OTU_1317,0,0,0,0,0,27,0,0,0,0,1,0,0,0,0,0,9,0,0,0
OTU_1318,0,0,0,0,0,0,0,0,0,0,0,21,0,1,0,0,0,1,0,0
OTU_1319,7,0,7,3,0,0,0,0,0,0,0,0,0,0,0,0,0,0,0,0
OTU_132,21,21,7,50,71,5,0,3,18,4,1025,307,0,145,34,2,19,2,68,1
OTU_1320,0,0,0,0,0,0,0,0,0,0,0,0,0,0,0,0,24,0,0,0
OTU_1321,0,0,0,19,5,0,0,6,5,2,0,0,0,0,0,0,0,0,0,0
OTU_1322,0,0,0,0,0,0,0,0,0,0,0,0,0,0,0,0,0,0,6,0
OTU_1323,0,0,0,0,0,0,2,0,0,2,0,0,0,0,0,0,0,0,0,8
OTU_1324,0,0,0,0,0,0,0,0,0,0,0,0,0,0,0,0,0,0,10,0
OTU_1325,0,0,0,0,0,0,0,0,0,0,8,0,0,2,1,0,4,0,11,0
OTU_1326,0,0,0,0,0,0,0,29,0,1,0,0,0,0,0,0,0,0,0,0
OTU_1327,0,0,0,0,0,0,0,0,0,0,12,0,0,0,0,0,0,0,0,0
OTU_1328,0,0,0,0,0,8,18,0,0,0,0,0,0,0,0,0,0,0,0,0
OTU_1329,0,0,0,0,0,0,0,11,0,9,0,0,0,0,0,0,0,0,0,0
OTU_133,0,378,0,0,0,0,2,0,0,0,0,0,0,0,0,0,0,0,0,0
OTU_1330,1,7,7,0,0,0,0,0,0,0,0,0,0,0,0,0,0,0,0,0
OTU_1331,0,21,0,0,0,0,0,1,0,1,0,0,0,0,0,0,0,0,0,0
OTU_1332,0,0,0,0,0,0,0,0,0,26,0,0,0,0,0,0,0,0,0,0
OTU_1333,0,0,0,16,0,0,0,0,0,0,0,0,0,0,0,0,0,0,0,0
OTU_1334,1,0,2,9,8,0,0,0,0,0,0,0,0,0,0,0,0,0,0,0
OTU_1335,0,0,0,0,0,0,0,6,6,0,0,0,0,0,0,0,0,0,0,0
OTU_1336,0,0,0,0,0,17,0,0,0,0,0,0,0,0,0,0,0,0,0,0
OTU_1337,0,0,0,0,10,0,0,0,0,0,0,0,0,0,0,0,0,0,0,0
OTU_1338,0,0,0,0,0,0,4,0,0,0,0,0,0,0,0,0,0,0,0,0
OTU_1339,0,0,0,11,0,0,0,0,0,0,0,0,0,0,0,0,0,0,0,0
OTU_134,0,0,0,0,0,2,23,0,0,34,0,570,0,0,0,0,149,172,23,0
OTU_1340,0,0,0,0,10,0,0,0,0,0,0,0,0,0,0,0,0,0,0,0
OTU_1341,0,1,0,0,0,2,0,5,0,0,0,1,0,0,0,0,0,0,0,0
OTU_1342,0,0,0,0,0,0,8,0,2,0,0,0,0,0,0,0,0,0,0,0
OTU_1343,0,0,0,0,18,0,0,0,0,0,0,0,0,0,0,0,0,0,0,0
OTU_1344,0,0,8,0,0,0,0,0,0,13,0,0,0,0,0,0,0,0,0,0
OTU_1345,0,0,0,0,0,0,0,0,0,13,0,0,0,0,0,0,0,0,0,0
OTU_1346,0,0,0,0,0,0,2,19,0,5,0,0,0,0,0,0,0,0,0,0
OTU_1347,0,0,0,0,0,0,0,0,0,0,0,0,18,0,1,0,0,0,0,5
OTU_1348,0,0,0,0,0,0,0,0,0,0,0,0,0,0,11,1,0,0,0,0
OTU_1349,0,0,0,0,0,0,0,4,8,0,0,0,0,0,0,0,0,0,0,0
OTU_135,0,0,0,0,0,0,0,0,0,0,47,4,12,7,8,0,35,0,26,0
OTU_1350,0,0,0,0,0,0,0,0,1,2,0,0,0,0,0,0,0,0,0,0
OTU_1351,0,0,0,0,0,0,0,0,0,0,0,0,0,0,0,0,8,0,0,0
OTU_1352,0,0,0,0,0,0,0,0,0,0,0,0,0,0,0,30,0,0,0,0
OTU_1353,0,0,0,13,0,0,0,0,0,0,0,0,0,0,0,0,0,0,0,0
OTU_1354,0,0,0,16,0,0,0,0,0,0,0,0,0,0,0,0,0,0,0,0
OTU_1355,0,0,0,0,18,0,0,0,0,456,0,0,0,0,0,0,1,0,0,0
OTU_1356,0,0,0,0,0,0,915,0,0,0,0,0,0,0,0,0,0,0,0,0
OTU_1357,0,0,0,0,0,0,0,0,0,0,0,0,173,55,177,0,0,0,0,0
OTU_1358,0,0,0,0,0,0,0,0,593,0,0,0,0,0,0,0,0,0,0,0
OTU_1359,0,12,0,1,782,0,0,0,0,25,0,0,0,0,0,0,0,0,0,0
OTU_136,0,0,2,0,0,55,83,567,199,1,11,0,0,0,0,3,0,14,32,0
OTU_1360,10,3,6,0,0,0,0,785,0,0,0,0,0,0,0,0,0,0,0,0
OTU_1361,0,3,1,0,0,0,0,1,2,0,0,0,0,0,0,0,0,0,4,0
OTU_1362,0,0,0,0,0,0,0,0,0,0,0,434,0,0,0,0,0,5,0,0
OTU_1363,0,0,0,0,0,0,0,0,0,0,0,1,0,7,4,0,0,0,0,0
OTU_1364,0,0,0,0,0,0,0,0,0,0,0,0,0,0,0,0,0,4,0,0
OTU_1365,122,91,94,512,185,0,0,0,0,0,0,0,0,0,0,0,0,0,0,0
OTU_1366,0,0,0,0,0,0,0,0,0,0,0,1,0,0,0,0,6,0,1,0
OTU_1367,0,0,0,0,0,311,7,0,0,0,0,0,0,0,0,0,5,324,100,0
OTU_1368,1,1,15,0,1,157,189,21,104,182,0,0,0,0,0,52,86,558,126,110
OTU_1369,26,74,38,0,0,50,33,0,58,0,0,0,0,0,0,0,68,0,15,0
OTU_137,0,0,0,0,0,3,5,0,0,0,1445,1719,46,208,52,155,16,30,88,0
OTU_1370,0,0,0,0,0,0,0,0,0,0,0,0,0,0,0,0,42,0,0,0
OTU_1371,0,0,0,0,0,0,0,50,0,0,0,0,0,0,0,0,0,0,0,0
OTU_1372,0,0,0,0,0,54,0,0,0,0,0,0,0,0,0,0,0,0,0,0
OTU_1373,0,0,0,0,0,0,0,0,0,0,0,1,4,14,6,13,0,0,0,0
OTU_1374,0,0,3,0,13,0,0,33,1,0,0,0,0,0,0,0,0,0,0,0
OTU_1375,0,0,0,54,0,0,0,0,0,0,0,0,0,0,0,0,0,0,0,0
OTU_1376,0,0,1,0,0,22,5,16,0,0,0,0,0,0,0,0,0,0,0,0
OTU_1377,3,31,12,0,0,0,0,0,0,0,0,0,0,0,0,0,0,0,0,0
OTU_1378,0,0,0,0,0,0,0,12,0,0,0,0,0,0,0,0,0,0,0,0
OTU_1379,0,0,0,0,0,0,0,0,0,0,0,5,0,0,0,17,2,19,0,0
OTU_138,0,20,0,87,0,0,0,0,0,0,0,0,0,0,0,0,0,0,0,0
OTU_1380,0,0,0,0,0,0,0,0,0,0,0,0,0,0,0,0,31,0,0,0
OTU_1381,0,0,0,48,0,0,0,0,0,0,0,0,0,0,0,0,0,0,0,0
OTU_1382,0,0,0,25,31,0,0,0,0,3,0,0,0,0,0,0,0,0,0,0
OTU_1383,28,0,17,0,0,0,0,0,0,4,0,0,0,0,0,0,0,0,0,0
OTU_1384,0,0,0,0,0,0,0,0,0,0,0,0,0,0,0,0,0,0,0,1022
OTU_1385,24,7,17,21,1069,0,3,0,27,0,0,0,0,0,0,0,0,0,0,0
OTU_1386,392,241,391,0,0,59,0,0,0,2,0,2,26,1,4,0,1,0,0,0
OTU_1387,0,0,0,1,0,0,0,0,0,0,0,0,0,0,0,0,0,4741,0,0
OTU_1388,0,0,0,0,0,0,0,13,0,0,0,0,15153,0,16814,0,0,0,1,0
OTU_1389,0,0,0,0,0,0,0,0,0,0,0,0,0,0,0,0,0,0,8,0
OTU_139,118,223,168,0,0,0,0,0,0,0,0,0,0,0,0,0,0,0,0,0
OTU_1390,2450,0,2703,0,0,0,0,0,0,0,0,0,1,0,0,0,0,0,0,0
OTU_1391,0,0,0,21,0,0,0,0,0,0,0,0,0,0,0,0,0,0,0,0
OTU_1392,114,49,120,99,336,73,55,161,25,54,0,0,0,0,0,0,0,0,0,0
OTU_1393,0,0,0,0,1043,0,0,0,0,221,0,0,0,0,0,0,0,0,1,0
OTU_1394,0,0,0,0,0,0,0,0,0,0,0,0,0,0,0,0,0,723,0,0
OTU_1395,0,0,0,0,0,0,0,0,0,0,0,0,0,0,0,0,0,0,953,0
OTU_1396,8,0,16,892,278,0,0,43,24,0,0,0,0,0,0,0,0,0,0,0
OTU_1397,2,1,4,0,0,0,0,0,0,0,0,0,0,0,0,0,0,0,0,0
OTU_1398,0,0,0,0,0,0,0,0,0,0,0,0,0,0,0,0,0,3,0,863
OTU_1399,0,0,0,0,0,0,0,0,0,0,0,0,299,0,129,0,0,0,0,0
OTU_14,4,19,32,2365,1657,811,530,1315,383,92,0,0,0,0,0,0,0,0,0,0
OTU_140,93,6,73,278,234,23,440,270,786,104,0,0,0,0,0,0,0,0,0,0
OTU_1400,0,0,0,1,8,0,1,0,0,0,0,0,0,0,0,0,0,0,0,0
OTU_1401,93,12,86,207,199,0,0,0,0,7,0,0,0,0,0,0,0,0,0,0
OTU_1402,212,0,179,0,0,0,0,0,0,0,0,0,0,0,0,0,0,0,0,0
OTU_1403,0,0,0,0,0,424,0,0,0,0,1,3,0,0,0,0,0,0,0,0
OTU_1404,0,0,0,0,0,0,0,0,0,0,0,0,0,0,0,0,0,0,0,355
OTU_1405,37,0,154,105,41,0,0,0,0,0,0,0,0,0,0,0,0,0,0,0
OTU_1406,0,0,0,0,0,0,0,0,0,0,5,0,0,0,1,0,254,0,138,0
OTU_1407,0,0,2,2454,0,0,0,7,0,0,0,0,0,0,0,0,0,0,0,0
OTU_1408,331,51,394,14,1,0,0,40,0,1120,0,0,0,0,0,0,0,0,0,0
OTU_1409,0,1,0,0,1,0,51853,5,7,1,0,1,0,0,0,0,0,0,0,0
OTU_141,0,0,0,0,0,0,0,0,2841,0,0,0,0,0,0,0,0,0,0,0
OTU_1410,268,1846,271,0,0,0,0,0,1,0,0,0,0,0,0,0,0,0,0,0
OTU_1411,0,0,0,0,0,0,0,0,0,0,0,892,0,0,1,0,0,7,0,0
OTU_1412,0,0,0,0,0,236,205,817,5,18,31,145,225,244,311,1,279,74,198,74
OTU_1413,0,0,0,0,0,0,301,0,0,103,135,814,0,15,4,6,1841,354,39,0
OTU_1414,0,0,0,0,0,0,5,0,0,0,0,0,0,0,0,0,0,0,0,0
OTU_1415,0,0,0,44,0,0,0,0,0,0,0,0,0,0,0,0,0,0,0,0
OTU_1416,0,0,0,0,0,0,0,0,0,0,0,54,0,0,0,0,0,0,0,0
OTU_1417,0,15,0,0,0,0,0,0,0,0,0,0,0,0,0,0,0,0,0,0
OTU_1418,0,0,0,0,0,0,0,0,0,0,0,0,0,0,0,0,0,0,7,0
OTU_1419,0,0,0,0,0,0,0,0,0,0,0,0,73,0,24,0,0,0,0,0
OTU_142,0,0,0,0,0,18,69,182,73,32,0,0,0,0,0,0,0,0,0,0
OTU_1420,0,0,0,0,0,0,0,0,0,0,0,0,34,0,37,0,0,0,0,0
OTU_1421,0,0,0,0,0,0,0,0,0,24,0,0,0,0,0,0,0,0,0,0
OTU_1422,0,0,0,0,0,0,0,0,0,0,22,0,0,0,0,0,0,0,0,0
OTU_1423,26,0,14,0,0,0,0,0,0,0,0,0,0,0,0,0,0,0,0,0
OTU_1424,0,0,0,0,0,0,0,0,0,0,0,1,41,0,0,0,0,0,0,10
OTU_1425,0,0,0,10,7,0,0,1,35,0,0,0,0,0,0,0,0,0,0,0
OTU_1426,1,2,4,1,1,0,0,5,0,0,0,0,0,0,0,0,3,0,0,0
OTU_1427,29,0,6,0,0,0,0,0,0,0,0,0,0,0,0,0,0,0,0,0
OTU_1428,0,0,0,0,0,0,0,0,0,39,0,0,0,0,0,0,0,0,0,0
OTU_1429,0,0,0,0,0,0,0,0,0,0,0,0,0,0,0,0,0,0,34,0
OTU_143,0,0,0,0,2,1324,0,0,0,4,277,53,101,39,141,56,18004,13,6554,8
OTU_1430,0,0,0,62,39,0,0,0,0,0,0,0,0,0,0,0,0,0,0,0
OTU_1431,0,0,0,0,0,0,0,0,0,0,0,0,0,0,0,8,0,0,0,0
OTU_1432,0,0,0,0,0,0,0,0,18,0,0,0,0,0,0,0,0,0,0,0
OTU_1433,0,0,0,0,0,18,0,9,0,0,13,35,71,28,83,0,128,0,43,103
OTU_1434,0,0,0,0,0,0,0,0,0,119,0,0,0,0,0,0,0,0,0,0
OTU_1435,1,0,2,0,0,0,0,0,0,6,0,0,10,18,42,24,1,0,0,0
OTU_1436,80,0,66,0,0,1,12,3,29,11,0,0,0,0,0,0,0,0,1,0
OTU_1437,8,2,1,0,0,0,0,0,0,0,0,0,0,0,0,0,0,0,0,0
OTU_1438,13,0,0,0,0,0,0,0,0,0,0,0,0,0,0,0,0,0,3,0
OTU_1439,0,0,0,0,0,0,0,0,0,2,0,0,0,0,0,0,1,1,138,0
OTU_144,1,6,0,76,109,12,17,90,31,66,0,0,0,0,0,0,0,0,0,0
OTU_1440,0,0,0,0,0,5,0,31,0,0,0,0,4,0,26,0,0,0,1,0
OTU_1441,0,0,0,64,61,0,0,0,0,0,0,0,0,0,0,0,0,0,0,0
OTU_1442,0,0,0,0,0,0,0,0,0,0,0,0,0,0,0,1,5,2,0,0
OTU_1443,0,0,0,0,0,0,0,7,0,0,0,0,0,0,0,0,2,2,0,0
OTU_1444,0,0,0,0,0,0,0,0,0,0,0,15,2,0,1,0,39,10,28,34
OTU_1445,0,0,0,0,0,0,0,0,0,0,0,0,33,0,9,0,0,0,0,0
OTU_1446,0,48,0,0,0,0,0,0,0,0,0,0,0,0,0,0,0,0,0,0
OTU_1447,0,0,0,0,0,0,0,0,0,0,0,0,0,66,0,0,0,0,0,0
OTU_1448,0,0,0,0,0,0,0,0,0,0,0,0,0,5,0,0,0,0,0,0
OTU_1449,0,0,0,0,0,0,0,0,0,35,0,0,0,0,0,0,0,0,0,0
OTU_145,0,0,0,0,0,1228,0,0,0,0,0,0,0,0,0,0,0,0,0,0
OTU_1450,0,0,0,0,0,1,0,11,0,1,0,0,0,0,0,0,0,0,0,0
OTU_1451,0,0,0,0,0,0,0,0,0,0,1,23,8,0,15,0,0,0,0,0
OTU_1452,0,0,0,0,0,0,0,0,0,0,0,0,23,16,9,1,7,0,4,2
OTU_1453,0,0,0,0,0,0,0,0,0,0,0,60,0,0,0,0,0,0,0,0
OTU_1454,0,0,7,0,0,0,0,0,0,0,0,0,0,0,0,0,0,0,0,0
OTU_1455,0,0,0,0,0,0,0,0,0,0,0,0,0,0,0,0,6,0,0,0
OTU_1456,0,0,0,55,0,0,0,0,0,0,0,0,0,0,0,0,0,0,0,0
OTU_1457,0,0,0,6,7,0,0,0,0,0,0,0,0,0,0,0,0,0,0,0
OTU_1458,0,0,1,65,0,0,0,0,0,0,0,0,0,0,0,0,0,0,0,0
OTU_1459,0,0,0,0,0,0,0,0,0,0,0,0,0,0,0,0,3,0,0,0
OTU_146,0,16,2,186,362,42,4,78,145,66,92,55,0,16,3,1,7,7,195,0
OTU_1460,0,0,0,0,0,0,0,0,0,0,0,3,0,0,0,0,17,0,8,0
OTU_1461,5,16,7,0,0,0,0,0,0,0,0,0,0,0,0,0,0,0,0,0
OTU_1462,6,5,27,0,0,0,0,0,0,0,0,0,0,0,0,0,0,0,0,0
OTU_1463,19,0,10,6,10,0,0,0,0,0,0,0,0,0,0,0,0,0,0,0
OTU_1464,20,0,12,0,0,0,0,0,0,0,0,0,0,0,0,0,0,0,0,0
OTU_1465,0,0,0,0,0,0,0,0,0,0,0,0,0,3,1,0,0,0,0,0
OTU_1466,0,0,0,0,0,0,0,0,0,0,3,0,0,0,0,0,5,0,0,0
OTU_1467,0,0,0,0,0,10,0,0,0,0,0,0,0,0,0,0,0,1,0,0
OTU_1468,0,0,1,3,11,2,1,9,1,11,0,0,0,0,0,0,0,0,0,0
OTU_1469,0,0,0,0,2,0,0,6,0,0,0,0,0,4,4,15,0,5,0,0
OTU_147,7301,2891,7720,266,416,74,145,7,361,5512,0,0,0,1,0,0,0,0,0,3
OTU_1470,0,0,0,0,0,0,0,0,0,35,0,0,0,0,0,0,0,0,0,0
OTU_1471,35,0,4,0,0,0,0,0,0,0,0,0,0,1,0,0,1,0,0,0
OTU_1472,0,0,0,0,0,0,0,0,0,0,0,0,8,0,23,0,0,0,0,0
OTU_1473,0,0,0,0,28,0,0,0,0,0,0,0,0,0,0,0,0,0,0,0
OTU_1474,0,0,0,0,0,0,0,0,0,0,0,0,49,0,0,0,0,0,0,0
OTU_1475,0,0,0,0,0,1763,0,0,0,0,0,0,0,0,0,0,0,0,0,0
OTU_1476,6,0,1,0,0,0,0,0,0,5,0,0,0,0,1,0,0,0,0,0
OTU_1477,0,0,0,0,0,0,0,12,0,0,0,0,0,0,0,0,0,0,0,0
OTU_1478,0,0,0,0,0,0,6,0,0,0,0,0,0,0,0,3,0,0,0,0
OTU_1479,0,0,0,0,1,1,3,0,0,1,0,0,0,8,0,1,0,0,0,0
OTU_148,0,0,0,0,0,0,0,0,0,0,4,3,48,9,53,0,44,0,0,0
OTU_1480,0,0,0,23,8,0,0,0,0,0,0,0,0,0,0,0,0,0,0,0
OTU_1481,0,0,0,0,0,0,14,0,0,0,0,0,0,0,0,0,0,0,0,0
OTU_1482,0,0,0,0,0,0,0,0,0,0,4,0,0,0,0,0,6,0,2,0
OTU_1483,0,0,0,0,0,11,0,0,0,0,0,0,0,0,0,0,0,0,0,0
OTU_1484,0,0,0,0,0,1,2,2,0,0,0,0,0,0,0,0,4,1,4,0
OTU_1485,0,1,0,3,21,0,0,0,0,2,0,0,0,0,0,0,0,0,0,0
OTU_1486,0,0,0,0,2,0,0,2,1,0,0,2,13,0,0,1,0,0,0,3
OTU_1487,0,1,0,4,0,0,0,0,7,1,0,0,0,0,0,0,0,0,0,0
OTU_1488,0,0,0,0,0,0,0,0,0,0,0,0,0,1,8,0,0,0,0,0
OTU_1489,0,0,0,0,0,0,0,0,0,11,0,0,0,0,0,0,0,0,0,0
OTU_149,524,4,576,0,0,55,22,29,114,84,0,18,10,73,14,0,106,0,389,0
OTU_1490,0,0,0,10,0,0,0,0,0,0,0,0,0,0,0,0,0,0,0,0
OTU_1491,0,0,0,0,0,6,0,0,3,0,0,0,0,0,0,0,0,0,0,0
OTU_1492,0,0,0,0,0,28,4,0,0,0,0,0,0,7,0,0,0,0,0,0
OTU_1493,0,0,0,0,0,0,0,0,0,0,0,0,0,0,0,0,0,0,15,0
OTU_1494,0,0,0,0,0,0,0,0,0,0,0,0,0,0,0,0,0,6,0,0
OTU_1495,0,0,1,0,0,6,0,4,9,2,0,0,0,0,0,0,0,0,0,0
OTU_1496,0,0,0,0,0,0,0,0,0,0,1,0,0,0,0,0,13,0,0,0
OTU_1497,0,0,0,0,0,0,0,0,10,0,0,0,0,0,0,0,0,0,0,0
OTU_1498,0,0,0,0,0,0,0,17,0,0,0,0,0,0,0,0,0,0,0,0
OTU_1499,6,0,13,8,4,0,0,0,0,0,0,0,0,0,0,0,0,0,0,0
OTU_15,6,731,18,0,0,1726,0,0,47,0,0,0,0,0,0,0,0,0,0,10266
OTU_150,0,0,0,0,0,0,0,0,0,0,14,0,0,0,2,0,27,0,0,57
OTU_1500,0,0,0,0,0,0,0,0,0,0,0,0,0,0,0,0,0,0,11,0
OTU_1501,0,0,0,0,20,0,0,0,0,0,0,0,0,0,0,0,0,0,0,0
OTU_1502,0,0,0,0,0,15,0,0,0,1,0,0,0,0,0,0,0,0,0,0
OTU_1503,0,0,0,0,0,0,2,0,0,0,0,0,0,0,0,0,9,0,1,1
OTU_1504,0,0,0,0,0,0,0,0,0,0,0,0,0,0,0,0,0,0,24,0
OTU_1505,0,0,0,0,0,0,0,0,0,14,0,0,0,0,0,0,0,0,0,0
OTU_1506,0,0,0,0,0,2,1,0,0,0,0,0,0,0,0,1,0,0,0,0
OTU_1507,0,0,0,8,1,0,0,0,0,0,0,0,0,0,0,0,0,0,0,0
OTU_1508,0,0,0,0,0,13,0,0,0,0,0,0,0,0,0,0,1,0,0,0
OTU_1509,0,0,0,2,0,5,0,1,5,0,0,0,0,0,0,0,0,0,0,0
OTU_151,16,2,18,3,5,310,48,93,42,2,0,0,0,0,0,0,0,0,0,0
OTU_1510,0,0,0,0,0,5,0,7,0,3,0,0,0,0,0,0,0,1,0,0
OTU_1511,13,0,1,0,0,0,0,0,0,0,0,0,0,0,0,0,0,0,0,0
OTU_1512,0,0,0,0,0,0,0,4,0,0,0,0,0,0,0,0,0,0,0,0
OTU_1513,0,0,0,0,0,0,0,0,0,17,0,0,0,0,0,0,0,0,0,0
OTU_1514,0,0,0,0,0,0,0,0,0,0,0,0,0,0,12,0,0,0,0,0
OTU_1515,0,0,0,6,0,0,0,23,6,0,0,0,0,0,0,0,0,0,0,0
OTU_1516,0,0,0,0,0,0,0,0,0,0,0,0,17,0,0,0,4,0,0,5
OTU_1517,0,1,0,21,0,0,0,0,0,0,0,0,0,0,0,0,0,0,0,0
OTU_1518,0,0,0,0,0,1,0,7,1,3,0,0,0,0,0,5,3,0,0,0
OTU_1519,0,0,0,0,0,3,0,0,14,0,0,0,0,0,0,0,5,0,0,0
OTU_152,0,6,0,2,6,192,1,6,26,18,0,0,0,0,0,0,1,0,3,0
OTU_1520,0,0,0,0,0,0,0,0,0,0,0,0,0,0,8,0,0,0,0,0
OTU_1521,0,17,0,0,0,0,0,0,0,0,0,0,0,0,0,0,0,0,0,0
OTU_1522,7,0,1,0,0,0,0,0,0,0,0,0,0,0,0,0,0,0,0,0
OTU_1523,0,0,0,0,0,15,17,0,6,5,0,0,0,0,0,0,0,0,0,0
OTU_1524,0,0,0,0,0,4,0,5,0,0,0,0,0,0,0,0,0,0,0,0
OTU_1525,0,0,0,0,0,2,0,0,0,0,0,0,0,0,3,6,0,1,0,2
OTU_1526,0,0,0,0,0,0,0,0,0,0,3,0,0,0,0,0,7,0,10,0
OTU_1527,0,8,0,23,0,0,0,0,0,0,0,0,0,0,0,0,0,0,0,0
OTU_1528,0,4,0,31,2,0,0,0,0,5,0,0,0,0,0,0,0,0,0,0
OTU_1529,0,0,0,0,0,0,0,0,7,0,0,0,0,0,0,0,1,0,0,0
OTU_153,0,0,0,0,0,0,0,0,0,0,0,78,0,0,0,0,158,0,32,0
OTU_1530,0,0,0,0,0,12,0,1,7,4,0,1,0,0,1,0,0,0,1,0
OTU_1531,0,1,0,0,0,0,0,0,6,0,0,0,0,0,0,0,0,0,0,0
OTU_1532,0,0,0,0,0,0,0,0,0,0,0,0,0,0,0,0,11,1,0,0
OTU_1533,0,0,0,0,0,0,0,24,0,0,0,0,0,0,0,0,0,0,0,0
OTU_1534,0,0,0,0,0,0,0,0,0,0,0,0,16,1,5,3,0,0,9,0
OTU_1535,0,1,0,0,0,0,0,0,0,0,1,0,0,2,5,0,0,0,0,0
OTU_1536,0,0,0,0,10,0,0,0,0,2,0,0,0,0,0,0,0,0,0,0
OTU_1537,0,0,0,0,0,0,0,0,0,0,0,0,71,0,43,52,0,0,0,0
OTU_1538,0,0,0,0,0,0,0,0,0,0,2,0,0,1,0,0,12,0,129,0
OTU_1539,0,0,0,0,0,0,0,0,0,0,0,120,0,0,0,0,0,0,0,0
OTU_154,1,0,0,0,0,199,102,47,13,85,0,0,0,1,0,0,0,4,36,3
OTU_1540,35,19,9,64,12,7,0,0,0,6,0,0,0,22,1,0,4,1,13,2
OTU_1541,0,0,0,0,0,0,0,0,0,0,0,1,0,0,0,0,9,0,1,0
OTU_1542,0,0,0,0,0,0,0,0,0,0,1,0,0,0,1,0,7,0,0,6
OTU_1543,0,0,0,0,0,0,0,0,0,0,0,0,0,0,1,0,0,0,0,0
OTU_1544,0,0,0,0,0,0,0,0,0,0,0,6,0,0,0,0,12,0,1,0
OTU_1545,0,0,0,0,0,0,0,0,0,0,3,0,0,0,0,0,9,0,0,2
OTU_1546,0,0,0,0,0,0,0,0,0,0,3,0,0,0,0,0,5,0,0,5
OTU_1547,0,0,0,0,0,0,0,1,0,0,0,0,76,0,46,0,0,0,0,0
OTU_1548,34,17,62,30,4,0,0,0,0,6,0,0,0,0,0,0,0,0,0,0
OTU_1549,0,0,0,0,0,0,0,181,0,0,0,0,0,0,0,0,0,0,0,0
OTU_155,1157,2036,1107,0,0,0,0,0,0,0,0,0,0,0,0,0,0,0,0,0
OTU_1550,0,0,1,0,7,0,0,0,0,0,0,0,0,0,0,0,0,0,0,0
OTU_1551,0,0,0,0,0,0,0,11,0,0,0,0,0,0,0,0,0,0,0,0
OTU_1552,0,0,0,0,0,179,7,44,0,0,0,0,0,0,0,0,0,0,9,0
OTU_1553,0,0,0,0,0,2,0,0,0,0,0,0,19,30,31,55,32,0,0,0
OTU_1554,0,0,0,0,0,0,0,0,0,136,0,0,0,0,0,0,0,0,0,0
OTU_1555,0,0,0,0,0,0,0,0,0,0,2,0,0,0,1,0,4,0,0,9
OTU_1556,0,57,7,0,0,0,0,0,1406,0,0,0,0,0,0,0,0,0,0,0
OTU_1557,0,0,0,0,0,0,0,0,0,0,0,0,0,0,0,0,2,0,0,0
OTU_1558,0,0,0,0,0,0,0,0,0,0,8,0,0,0,0,0,0,0,0,0
OTU_1559,0,0,0,0,0,0,0,0,0,0,0,0,66,40,45,0,0,0,0,0
OTU_156,352,190,394,13,11,507,2758,140,12997,104,108,360,28,102,40,164,18,1905,3510,4223
OTU_1560,0,0,0,0,0,0,0,0,0,123,0,0,0,0,0,0,0,0,0,0
OTU_1561,0,0,0,0,0,0,0,0,0,0,0,1,0,0,0,0,4,0,0,0
OTU_1562,0,0,0,0,0,0,0,0,0,0,0,0,0,0,0,153,0,0,0,0
OTU_1563,0,427,0,0,0,0,2,0,0,0,0,0,0,0,0,0,0,0,0,0
OTU_1564,0,0,0,0,0,0,0,0,0,0,0,1,0,9,0,0,0,0,0,0
OTU_1565,0,0,1,1,4,0,10,0,0,0,0,0,0,0,0,0,0,0,0,0
OTU_1566,93,1,87,0,0,0,0,0,0,0,0,0,0,0,0,0,0,0,0,0
OTU_1567,0,0,0,0,0,0,0,0,0,0,0,0,0,0,6,0,0,0,0,0
OTU_1568,0,0,0,0,0,14,0,17,0,0,96,0,0,14,1,0,54,0,41,9
OTU_1569,36,17,56,0,0,2,28,2,225,12,0,0,0,0,0,0,0,0,0,0
OTU_157,1,1,4,92,64,0,0,0,6,0,0,0,0,0,0,0,0,0,0,0
OTU_1570,114,0,88,0,0,0,0,0,0,0,0,0,0,0,0,0,0,0,0,0
OTU_1571,0,0,0,0,0,22,7,228,47,16,0,0,0,0,0,0,11,11,95,0
OTU_1572,0,5,6,0,0,0,2,0,1,0,0,0,0,0,0,0,0,0,0,0
OTU_1573,0,0,0,0,0,0,0,0,0,0,0,0,49,0,109,0,0,0,0,0
OTU_1574,6,0,14,0,0,39,14,0,138,3,0,0,0,0,0,0,0,0,0,0
OTU_1575,0,0,0,0,0,0,0,0,0,0,0,261,0,0,0,0,0,0,0,0
OTU_1576,0,0,0,0,0,14,0,0,0,0,2,1,0,0,1,1,163,0,77,0
OTU_1577,0,0,0,0,0,25,7,628,0,0,0,0,0,0,0,0,45,0,0,0
OTU_1578,0,1,0,17,0,0,0,0,0,0,0,0,0,0,0,0,0,0,0,0
OTU_1579,0,0,0,0,0,0,0,0,0,1,0,0,0,0,0,0,219,0,0,0
OTU_158,47,0,0,12,6,58,3,6,0,1,21,18,115,15,0,0,4,2,0,1
OTU_1580,0,0,0,0,279,0,0,0,0,12,0,0,0,0,0,0,0,0,0,0
OTU_1581,26,19,51,0,8,0,0,0,100,3,0,0,0,0,0,0,0,0,0,0
OTU_1582,0,0,0,0,362,0,0,0,0,0,0,0,0,0,0,0,0,0,0,0
OTU_1583,13,0,6,0,0,0,0,0,180,0,0,0,0,0,0,0,0,0,0,0
OTU_1584,0,0,0,0,345,0,0,0,0,0,0,0,0,0,0,0,0,0,0,0
OTU_1585,0,0,0,0,0,0,0,0,0,0,0,0,0,2,0,0,0,240,19,1
OTU_1586,0,0,0,0,0,0,0,0,0,0,0,0,0,0,6,0,0,0,0,0
OTU_1587,0,0,0,0,0,1,1,9,0,0,0,0,0,0,0,0,0,0,0,0
OTU_1588,13,7,9,0,0,100,0,247,0,0,0,0,0,0,0,0,19,0,0,0
OTU_1589,0,0,0,0,0,0,0,0,1,0,0,4,0,0,0,255,0,0,0,0
OTU_159,561,793,601,335,1,4108,2016,683,6290,18909,0,0,0,0,0,1,0,0,0,2029
OTU_1590,0,0,1,0,0,423,0,0,0,1,0,0,0,0,0,0,0,0,0,0
OTU_1591,0,0,0,1,0,0,0,0,0,0,0,0,0,0,0,2,0,256,0,0
OTU_1592,83,47,98,0,0,129,9,0,0,0,0,0,0,0,0,0,0,0,0,0
OTU_1593,0,0,0,0,199,0,0,166,0,0,0,0,0,0,0,0,0,0,0,0
OTU_1594,0,0,0,0,0,0,0,0,0,0,0,0,0,6,0,0,0,0,0,0
OTU_1595,0,0,1,372,0,0,0,0,0,0,0,0,0,0,0,0,0,0,0,0
OTU_1596,0,0,0,160,305,0,0,0,0,12,0,0,0,0,0,0,0,0,0,0
OTU_16,542,257,651,915,91,1615,1521,2793,2083,1020,0,0,0,1,0,518,72,439,0,0
OTU_160,64,2,50,0,0,5451,34,3,0,125,198,118,2374,2842,2627,524,26,0,302,311
OTU_161,2,0,3,8,0,177,36,92,86,26,0,0,0,0,0,0,0,0,0,0
OTU_162,3429,93,3234,0,16,0,0,0,2195,0,0,0,0,0,0,0,0,0,0,0
OTU_163,1051,365,1010,0,0,11,21,0,28,47,3935,1626,37,81,16,91,26,2,5,6
OTU_164,0,3,0,37,62,0,4,20,2,55,0,0,0,0,0,0,0,0,0,0
OTU_165,84,7,103,0,0,114,1,87,77,2,0,0,0,0,0,0,0,0,0,0
OTU_166,0,0,0,0,0,0,0,0,0,0,394,165,86,35,117,0,87,10,10,0
OTU_167,15,13,11,0,3,85,2,53,9,25,0,0,0,0,0,0,0,0,0,0
OTU_168,0,1,0,34,26,0,2,52,12,51,0,0,0,0,0,0,0,0,0,0
OTU_169,0,0,0,0,0,0,0,0,0,0,0,2,22,83,58,39,89,0,0,0
OTU_17,0,0,0,0,0,173,0,0,0,1,59,23,32,14,15,5,2745,3,953,3
OTU_170,0,0,1,63,36,11,5,40,13,22,0,0,0,0,0,0,0,0,0,0
OTU_171,311,7,367,389,359,521,1997,1143,1614,2031,0,0,0,0,0,0,0,15,0,129
OTU_172,0,0,12,7,0,19,6,7,88,11,0,0,0,4,6,79,20,24,0,0
OTU_173,24,91,48,25,0,129,0,42,156,0,372,361,4,100,32,72,524,709,779,0
OTU_174,0,1,15,0,0,62,8,6,5,29,0,0,0,0,0,0,0,0,0,0
OTU_175,0,0,0,0,0,409,44,265,0,146,0,0,0,0,0,0,511,794,123,164
OTU_176,5,5,43,63,142,0,0,0,1754,104,0,0,0,0,0,0,0,0,0,0
OTU_177,9,0,8,204,34,0,1,0,5,0,0,0,0,0,0,0,0,0,0,0
OTU_178,0,0,0,0,0,21,13,1,1,1,52,362,170,49,205,4,1260,326,860,1106
OTU_179,0,0,0,0,0,0,0,0,0,0,0,76,0,0,0,0,268,497,121,0
OTU_18,0,0,0,0,0,0,0,0,0,0,448,0,86,1,78,0,1210,1,0,1201
OTU_180,28,9,42,0,0,19,0,96,35,23,0,0,0,16,4,8,53,180,61,5
OTU_181,71,88,128,0,0,0,0,0,0,0,0,0,0,0,0,0,0,0,0,0
OTU_182,0,824,0,0,0,0,17,0,0,0,0,0,0,0,0,0,0,0,0,0
OTU_183,361,198,432,2,27,11,0,0,0,0,0,0,0,0,0,0,0,0,0,0
OTU_184,14,8,39,308,87,0,0,0,17,0,0,0,0,0,0,0,0,0,0,0
OTU_185,24,174,36,30,106,0,0,0,0,0,0,0,0,0,0,0,0,0,0,0
OTU_186,0,0,0,0,0,0,0,0,0,0,0,103,0,0,0,0,1057,0,83,0
OTU_187,1806,79196,2417,0,0,0,13,0,1,0,0,6,1,0,0,0,0,0,0,0
OTU_188,0,0,0,0,0,0,0,0,0,0,0,0,0,6,0,0,304,0,84,0
OTU_189,0,0,0,0,0,0,0,0,0,0,12,0,1,0,6,0,54,0,0,60
OTU_19,0,1,0,0,1,23287,2574,14530,1762,617,1,0,0,2,0,1,2065,308,1847,272
OTU_190,161,80,78,38,10,154,21,83,467,187,0,0,0,0,0,0,0,0,0,0
OTU_191,246,1,179,41,85,0,0,0,8,231,0,0,0,0,0,0,0,0,0,0
OTU_192,0,0,0,16,2194,0,0,0,0,0,0,0,0,0,0,0,0,0,0,0
OTU_193,1054,1263,1213,0,1,0,50,0,1,28,7,1,0,259,0,509,198,220,1414,1
OTU_194,0,0,0,0,0,0,0,0,0,0,0,1526,0,0,0,0,0,0,0,4835
OTU_195,24,4,12,3,0,3,0,14,0,0,5,81,40,23,30,147,108,17,20,0
OTU_196,0,0,0,0,1,129,51,27,0,4,0,389,59,38,50,90,205,40,297,60
OTU_197,155,23,119,2,11,1053,453,527,588,450,470,2978,6921,1929,6813,230,2940,1317,5533,35803
OTU_198,209,204,229,553,630,3,42,480,865,253,0,0,0,0,0,0,0,0,0,0
OTU_199,0,10,2,23,62,8,2,68,20,48,0,0,0,0,0,0,0,0,0,0
OTU_2,923,1998,1119,27084,36127,882,13793,8260,5614,25023,0,6,0,0,0,0,0,3,4,1
OTU_20,0,0,0,0,0,266,0,11,2,0,0,74,6151,4757,6830,4925,720,0,596,0
OTU_200,0,0,0,0,0,1,0,0,0,0,0,110,469,1233,567,472,0,0,0,0
OTU_201,0,0,0,0,0,165,0,137,0,0,4,0,0,0,0,0,0,16,2,0
OTU_202,0,0,0,39,8,12,5,5,2,44,0,0,0,0,0,0,0,0,0,0
OTU_203,0,0,0,32,13,3,1,14,16,28,0,0,0,0,0,0,0,0,0,0
OTU_204,0,5,1,324,706,8,3,33,37,14,66,27,27,57,6,0,72,7,300,1
OTU_205,77,1,35,0,7,8,22,2,4,6,0,2,0,0,3,0,6,5,61,52
OTU_206,0,5,0,0,0,321,4,20,19,59,3,3,0,37,17,0,3,0,123,0
OTU_207,205,3218,224,0,0,0,2,0,1,0,0,0,107,0,143,0,0,0,0,0
OTU_208,0,0,0,0,0,0,0,1,0,0,22,3,34,28,144,0,97,0,3,0
OTU_209,0,4,0,0,0,83,0,0,4,0,0,0,0,0,0,0,0,0,0,203
OTU_21,0,0,0,0,0,0,0,0,0,0,71,21,454,220,532,0,301,0,0,0
OTU_210,0,0,1,139,3,537,1,84,0,0,1,0,5,3,6,105,36,882,538,0
OTU_211,1,3,3,9,3,34,10,15,14,20,30,17,15,33,14,11,5,2,115,1
OTU_212,0,0,0,0,0,0,0,0,0,0,73,86,6,69,14,610,56,7,0,0
OTU_213,205,222,240,0,1,43,29,944,272,1217,0,962,2285,1489,2512,244,922,1107,663,597
OTU_214,0,0,0,4,325,0,0,0,0,0,0,0,0,0,0,0,0,0,0,0
OTU_215,59,0,25,0,0,0,0,79,0,42,0,18,784,420,651,0,1,0,0,0
OTU_216,0,1,1,31,60,18,5,17,12,34,0,0,0,0,0,0,0,0,0,0
OTU_217,282,123,297,744,868,1928,3077,1530,2512,1849,0,1,4,0,9,5,20,149,8,23
OTU_218,0,0,0,0,0,18,0,65,1,10,0,0,0,0,0,0,0,0,0,0
OTU_219,0,0,0,25,34,0,11,22,55,0,0,0,0,0,0,0,0,0,0,0
OTU_22,0,0,0,0,0,0,0,0,0,0,0,179,0,0,0,0,498,0,213,0
OTU_220,0,0,0,0,0,0,0,0,0,0,0,151,0,0,0,0,361,0,152,0
OTU_221,0,0,0,0,0,198,4,0,0,12,0,0,0,0,0,0,27,0,13,0
OTU_222,11,1,2,0,0,0,0,0,0,3,0,0,15,44,3,0,2,65,11,0
OTU_223,0,0,0,0,5,2232,0,1,0,6,1188,197,622,89,796,751,20894,87,15724,59
OTU_224,0,0,0,12,0,147,0,689,0,0,0,0,0,0,0,0,0,0,0,0
OTU_225,15,4,11,43,24,182,55,99,40,114,50,128,21,17,55,32,532,199,141,110
OTU_226,0,0,0,0,0,38,11,1,1,7,298,1471,698,225,605,45,204,93,85,396
OTU_227,0,0,0,0,0,0,0,0,0,0,4,685,0,0,0,0,0,0,0,0
OTU_228,1,2,2,154,6,533,192,599,5263,130,56,33,1094,888,1096,14,32,43,5026,46
OTU_229,0,0,0,0,0,0,0,391,0,0,0,0,0,0,0,0,0,0,0,0
OTU_23,3325,4151,3301,0,0,0,1,0,0,0,0,1,0,1,0,0,0,0,0,1
OTU_230,0,0,0,0,0,0,0,559,0,0,258,4752,0,29,2,927,2693,955,1353,0
OTU_231,0,0,0,61,39,0,2,41,17,19,0,0,0,0,0,0,0,0,0,0
OTU_232,31,8,24,15,2,122,2,0,169,32,0,8,0,0,0,0,0,0,13,0
OTU_233,0,0,0,0,0,0,0,1,0,0,29,0,11,0,7,0,184,0,0,198
OTU_234,9,0,3,109,74,0,0,0,0,1,0,0,0,0,0,0,0,0,0,0
OTU_235,0,0,0,56,6,0,2,1,4,26,0,0,0,0,0,0,0,0,0,0
OTU_236,60,20,80,926,672,2,14,106,113,28,0,0,0,0,0,0,0,0,0,0
OTU_237,468,23,519,187,22,1341,811,1068,643,369,0,0,0,0,0,256,2,51,0,0
OTU_238,9,2,12,0,0,110,34,0,1,5,1,32,0,7,6,2,0,0,0,0
OTU_239,83,266,167,2636,0,0,0,0,0,1146,0,0,0,0,0,0,0,0,0,0
OTU_24,1093,1814,1169,0,0,0,0,0,0,0,0,0,0,0,0,0,0,0,0,0
OTU_240,0,0,1,0,3,2,0,25,12,1,0,2,56,0,0,0,0,1,55,0
OTU_241,0,0,0,0,0,0,0,1,0,0,0,0,30,0,137,0,94,0,21,0
OTU_242,0,0,0,0,0,19,96,6,22,1,0,0,0,0,0,0,0,33,85,0
OTU_243,0,0,0,0,1,24,0,2,0,0,0,0,773,0,481,429,340,0,16,7
OTU_244,0,0,0,0,0,23,0,31,0,9,0,0,0,0,0,0,29,0,138,0
OTU_245,0,0,0,0,0,0,0,0,0,0,432,0,0,0,0,0,0,0,0,0
OTU_246,0,0,0,0,0,9,3,309,8,0,0,0,0,0,0,0,0,0,0,6
OTU_247,0,0,0,0,0,21,0,0,0,0,0,0,0,0,0,0,49,0,3,0
OTU_248,0,1,0,0,0,0,0,0,0,1,565,34,59,0,67,0,36,0,0,0
OTU_249,0,0,0,0,0,32,308,544,4,1,0,0,0,0,0,0,0,0,0,0
OTU_25,2113,1315,2450,2130,3191,0,0,236,17,333,0,0,0,0,0,0,0,0,0,0
OTU_250,63,23,52,0,0,0,0,0,0,0,0,0,0,0,0,0,0,0,0,0
OTU_251,0,0,0,9,19,15,0,0,0,0,0,0,0,0,0,0,12,1,0,0
OTU_252,0,0,0,0,0,0,0,457,0,0,0,0,0,0,0,0,0,0,0,0
OTU_253,84,26,79,26,0,0,0,80,0,12,0,0,0,0,0,0,0,0,0,0
OTU_254,0,0,0,0,0,0,0,0,0,0,42,0,11,0,1,0,8,5,194,0
OTU_255,62,2,24,247,419,446,191,898,41,52,0,0,0,0,0,0,0,0,1,0
OTU_256,23,24,39,1,275,0,0,0,0,0,0,0,0,0,0,0,5,0,9,0
OTU_257,10,0,2,17,16,4,6,5,11,16,0,0,0,0,0,0,0,0,0,0
OTU_258,0,0,0,0,0,9,0,34,0,0,2,2,0,6,0,0,54,12,35,333
OTU_259,23,12,3,0,1,92,0,2,8,34,0,0,0,0,0,0,0,0,3,0
OTU_26,0,0,1,781,1154,0,4,306,1551,323,0,0,0,0,0,0,0,0,0,0
OTU_260,0,0,0,426,31,0,0,0,0,69,0,0,0,0,0,0,0,0,0,0
OTU_261,47,1,51,4,7,24,3,34,18,10,0,0,0,0,0,0,0,0,0,0
OTU_262,0,0,0,0,0,0,0,1,0,0,0,339,11,0,39,0,0,370,0,0
OTU_263,0,0,0,0,0,0,0,0,0,0,19,7,0,22,0,14,23,0,62,0
OTU_264,3,1,2,1,0,0,15,0,98,9,0,0,0,0,0,0,0,0,0,0
OTU_265,21,0,0,14,0,0,1,27,11,1,0,0,0,0,0,1,2,3,48,2
OTU_266,0,0,0,0,0,0,0,0,0,0,1,0,23,0,16,0,6,0,3,0
OTU_267,0,0,0,0,0,227,142,0,24,11,0,0,0,0,0,0,0,0,0,0
OTU_268,0,0,0,14,13,11,2,0,14,17,0,0,0,0,0,0,0,0,0,0
OTU_269,0,0,3,0,0,47,7,26,4,15,0,1,2,1,3,0,0,0,19,0
OTU_27,0,0,0,0,0,0,0,0,0,0,1,0,0,3579,2,0,5,0,0,14
OTU_270,0,0,0,53,23,0,1,0,6,24,0,0,0,0,0,0,0,0,0,0
OTU_271,0,0,0,0,0,25,17,1,0,1,44,1204,250,52,256,304,258,61,174,1
OTU_272,0,0,1,102,0,0,40,0,718,430,0,0,0,0,0,0,0,0,0,0
OTU_273,0,0,0,0,0,4,0,0,2,2,0,0,20,8,11,4,5,10,50,0
OTU_274,0,0,0,0,0,4,8,0,2,0,0,0,0,0,0,0,2,72,7,0
OTU_275,60,224,41,0,0,2269,94,46,1113,49,0,0,0,0,0,0,0,0,0,0
OTU_276,0,0,0,0,0,281,0,71,0,0,0,0,0,0,0,0,0,0,0,0
OTU_277,0,0,0,0,0,0,0,0,0,0,3,1,15,5,21,0,19,0,0,0
OTU_278,0,0,2,1,7,7,1,2,11,4,0,0,0,15,9,17,29,16,30,0
OTU_279,606,528,542,0,0,0,0,0,0,0,0,0,0,0,0,0,0,0,0,0
OTU_28,0,0,0,0,0,0,0,0,0,0,66,0,15,0,17,0,314,0,0,354
OTU_280,8,11,49,257,60,15,0,0,144,14,0,0,0,0,0,0,0,17,0,0
OTU_281,34,3,30,975,640,0,0,225,98,129,0,0,0,0,0,0,0,0,0,0
OTU_282,0,10,0,28,197,0,0,0,6,0,0,0,0,0,0,0,0,0,0,0
OTU_283,16,9,10,1,11,225,33,163,128,41,9,10,125,20,65,0,1,0,55,2
OTU_284,0,0,0,0,0,0,0,0,0,0,206,87,0,0,0,0,9,0,229,0
OTU_285,781,215,697,4,0,150,272,1,206,272,50,141,165,43,126,30,46,11,8,474
OTU_286,0,0,0,460,91,0,0,0,34,0,0,0,0,0,0,0,0,0,0,0
OTU_287,16,0,4,45,20,56,23,217,183,51,0,0,0,0,0,0,0,26,65,0
OTU_288,0,1,1,14,24,0,0,30,13,10,0,0,0,0,0,0,0,0,0,0
OTU_289,1,7,0,1,0,151,4,15,103,2,15,226,467,98,591,1824,2601,2267,299,1814
OTU_29,13,0,5,0,0,200,0,0,0,5,0,0,25,39,25,9,0,0,13,1
OTU_290,2,11,5,202,139,0,0,0,0,8,0,0,0,0,0,0,0,0,0,0
OTU_291,20,38,12,1,0,0,0,0,2,1,0,0,0,0,0,13783,0,849,14,0
OTU_292,3,0,2,115,1,0,25,0,57,0,0,0,0,0,0,0,0,0,0,0
OTU_293,0,0,0,0,0,0,5,0,193,0,0,0,0,0,0,0,0,2,0,0
OTU_294,366,219,454,6499,7795,2182,530,0,3338,58,0,0,0,0,0,1,0,0,0,0
OTU_295,0,0,0,14,18,0,0,16,21,0,0,0,0,0,0,0,0,0,0,0
OTU_296,0,0,0,0,1,208,0,0,0,1,57,16,0,21,32,9,3367,10,1079,0
OTU_297,105,74,130,0,0,0,0,0,0,0,0,0,0,0,0,0,0,0,0,0
OTU_298,0,0,0,0,0,0,0,0,0,0,0,0,0,0,0,74,0,0,0,0
OTU_299,0,0,2,0,7,0,0,269,171,31,0,0,0,0,0,0,0,0,0,0
OTU_3,3309,948,3473,1803,1907,4305,4479,8959,4724,2554,0,1,0,0,0,59,526,652,131,0
OTU_30,1257,118,1500,8933,3813,0,13,0,2001,105,0,0,0,0,0,0,0,0,0,0
OTU_300,769,87,871,42,81,0,0,0,0,0,0,0,0,0,0,0,0,0,0,0
OTU_301,88,0,108,0,0,14,93,0,0,0,0,0,0,0,0,0,0,0,0,0
OTU_302,16,17,19,11,8,0,0,0,19,39,0,0,0,0,0,0,0,0,0,0
OTU_303,0,67,0,566,0,0,0,0,0,0,0,0,0,0,0,0,0,0,0,0
OTU_304,0,2,0,0,0,67,6,37,131,4,2,2,0,11,2,0,0,0,26,60
OTU_305,0,1,0,137,62,0,0,0,0,0,0,0,0,0,0,0,0,0,0,0
OTU_306,0,0,0,414,180,0,0,0,0,0,0,0,0,0,0,0,0,0,0,0
OTU_307,0,0,0,0,0,44,83,376,798,0,0,0,87,0,37,0,0,0,0,0
OTU_308,0,1,3,14,5,0,0,23,6,17,0,0,0,0,0,0,0,0,0,0
OTU_309,7,7,33,0,0,507,41,9,70,52,0,0,0,0,0,0,0,0,0,0
OTU_31,7,3,4,7,1,525,48,140,96,253,1087,5708,4436,2372,5152,54442,5106,20356,3787,40
OTU_310,0,1,5,0,0,0,0,0,36,158,0,0,0,0,0,0,0,0,0,0
OTU_311,119,34,92,0,27,124,117,482,623,252,0,0,0,0,0,0,0,0,0,0
OTU_312,0,0,0,0,0,0,1,0,0,0,35,30,0,0,0,0,65,0,0,0
OTU_313,204,16,175,0,0,4,53,0,92,8,0,0,0,0,0,0,0,0,0,0
OTU_314,0,0,11,0,20,0,0,10,46,1,0,0,0,0,0,0,0,0,0,0
OTU_315,8,10,5,435,98,19,44,1481,11,1,0,0,0,0,0,0,0,0,0,0
OTU_316,0,0,0,0,0,5123,627,752,194,1565,443,461,6504,11546,6420,225,0,5,2172,0
OTU_317,188,562,242,0,0,0,0,0,0,0,0,0,0,0,0,0,0,0,0,0
OTU_318,1055,83,936,137,109,209,520,213,877,339,0,0,0,0,0,0,0,0,0,0
OTU_319,136,2,164,0,0,0,0,0,0,17,0,0,0,0,0,0,0,0,0,0
OTU_32,169,39,154,76,11,3126,592,2175,1821,431,78,149,325,180,248,0,21,0,641,34
OTU_320,0,0,0,0,0,79,0,107,0,0,0,0,0,0,0,0,24,210,0,0
OTU_321,0,0,0,0,0,2,0,0,0,0,1,2,0,0,0,0,91,0,8,0
OTU_322,0,0,0,0,0,0,0,0,0,0,0,1,0,0,0,20,131,9,0,0
OTU_323,0,0,0,0,0,0,0,0,0,0,1,14,0,0,0,14,69,43,2,42
OTU_324,0,0,0,0,0,0,1,0,0,0,9,29,4,1,7,1,11,0,6,0
OTU_325,0,0,0,1,0,3,0,61,2,0,0,0,0,0,0,0,0,0,0,0
OTU_326,0,0,0,0,0,0,0,0,304,0,0,0,0,0,0,0,0,0,0,0
OTU_327,0,0,2,38,38,0,0,13,0,5,0,0,0,0,0,0,0,0,0,0
OTU_328,0,0,0,47,69,0,0,15,0,51,0,0,0,0,0,0,0,0,1,0
OTU_329,44,7,52,0,0,0,15,0,0,0,0,0,0,0,0,0,0,0,0,0
OTU_33,1809,1069,1651,65,3,114,2,5,431,52,0,2,703,9,729,0,0,0,0,0
OTU_330,0,0,0,0,0,5,0,4,0,0,7,2,1,4,0,0,2,3,0,0
OTU_331,2,66,1,1978,412,0,0,133,197,141,0,0,0,0,0,0,0,0,0,0
OTU_332,0,0,0,0,0,145,8,0,83,72,0,0,0,0,0,0,15,0,0,17
OTU_333,0,0,0,1846,302,0,0,0,0,0,0,0,0,0,0,0,0,0,0,0
OTU_334,16,0,7,0,0,685,0,0,0,17,7,3,153,85,103,38,1,0,27,14
OTU_335,0,0,0,27,4,0,2,8,14,0,0,0,0,0,0,0,0,0,0,0
OTU_336,0,0,0,0,0,144,35,0,0,66,0,0,0,0,0,0,0,0,0,0
OTU_337,0,0,0,0,0,0,0,7,2,0,3,1,23,0,33,0,33,0,0,0
OTU_338,0,0,0,0,0,0,0,179,62,5,0,0,0,0,0,0,0,0,0,0
OTU_339,0,0,0,0,0,6,0,5366,0,0,0,54,0,0,1,0,0,0,0,0
OTU_34,168,55,190,178,210,0,80,278,815,211,0,0,0,0,0,0,0,0,0,0
OTU_340,0,0,0,0,0,397,0,0,243,0,11,0,6,81,10,1,227,0,0,0
OTU_341,0,2,1,0,0,36,2,26,17,3,0,1,1,1,5,0,0,0,6,1
OTU_342,0,0,0,0,0,8,9,90,15,2,0,0,0,0,0,0,0,0,0,0
OTU_343,0,0,0,0,0,1,50,71,5,1,0,0,0,0,0,0,0,15,0,0
OTU_344,0,1,0,32,5,0,2,24,4,10,0,0,0,0,0,0,0,0,0,0
OTU_345,68,2,34,0,0,2,0,0,0,0,0,3,0,0,0,0,5,0,6,31
OTU_346,2,6,7,14,6,25,5,12,85,12,0,0,0,1,0,0,3,0,5,0
OTU_347,0,0,0,0,0,0,0,1,0,1,0,390,394,515,364,0,2106,893,7,0
OTU_348,0,0,0,0,0,25,0,20,0,7,0,0,0,0,0,0,29,0,15,0
OTU_349,108,86,126,0,0,0,0,0,180,7,0,27,0,0,0,0,0,1,0,12
OTU_35,2351,1714,2012,0,0,0,0,0,0,2,0,0,0,0,0,0,0,0,0,1
OTU_350,38,9,37,31,9,3,22,52,302,82,0,0,0,0,0,0,0,0,0,0
OTU_351,0,0,0,0,0,16,0,0,0,0,2,10,0,6,17,0,262,7,0,5
OTU_352,0,0,0,0,0,0,0,0,0,0,0,0,0,1,5,34,45,0,0,0
OTU_353,0,1,1,0,4,91,0,0,0,14,0,0,0,0,0,0,0,0,0,0
OTU_354,0,0,0,0,0,21,0,0,0,0,0,0,0,0,0,0,44,0,0,0
OTU_355,0,5,20,54,42,0,0,0,0,36,0,0,0,0,0,0,0,0,0,0
OTU_356,0,0,0,0,0,0,0,0,0,0,713,1,151,12,120,238,220,3,0,0
OTU_357,5,18,3,44,43,4,4,0,0,0,64,43,6,48,2,2,10,5,79,3
OTU_358,0,0,0,0,0,234,0,0,321,1,0,0,0,0,0,0,0,0,0,0
OTU_359,0,0,1,3,6,0,1767,49,3684,622,0,0,0,0,0,1,0,0,0,0
OTU_36,0,0,0,0,0,38,0,0,0,0,123,276,23,56,29,900,205,259,111,17
OTU_360,0,2,1,0,0,6,6,0,0,5,0,0,0,18,3,0,5,0,63,0
OTU_361,0,0,0,0,0,222,5,24,6,57,2,10,35,54,70,1,0,0,11,0
OTU_362,0,2,0,59,5,7,11,17,6,0,2932,666,520,1662,320,1604,2,34,131,0
OTU_363,6,8,2,65,7,34,0,0,0,0,0,0,2,0,0,61,18,103,52,0
OTU_364,0,0,0,0,0,0,0,0,15,16,0,0,0,0,0,0,0,0,0,100
OTU_365,0,0,0,0,0,0,0,0,0,0,1531,0,1600,570,1625,0,0,0,0,0
OTU_366,12,0,1,0,0,90,0,1,0,3,10171,39,461,235,483,2,682,1,419,0
OTU_367,0,10,5,418,460,0,0,0,49,0,0,0,0,0,0,0,0,0,1,0
OTU_368,108,3,101,607,539,0,50,998,226,774,0,0,0,0,0,0,0,0,0,4
OTU_369,768,190,888,0,0,456,0,1,3383,1050,0,0,0,0,0,0,0,0,0,0
OTU_37,957,1589,820,0,0,0,0,0,1,0,0,0,1,0,0,0,0,0,0,1
OTU_370,34,11,26,556,401,13,124,126,81,492,0,0,0,0,0,0,0,0,0,0
OTU_371,0,0,0,0,0,0,0,0,0,0,51,93,0,0,0,0,0,0,0,0
OTU_372,0,0,0,0,0,31,0,62,0,3,0,0,0,0,0,0,0,2,0,0
OTU_373,39,2,39,0,0,0,0,0,0,0,0,0,0,0,0,0,0,0,0,0
OTU_374,12,2,4,1122,12,0,0,0,0,0,0,0,0,0,0,0,0,0,0,0
OTU_375,52,23,38,0,0,0,0,0,96,21,0,0,0,0,0,0,0,0,0,0
OTU_376,20,5,43,0,7,89,4,178,88,0,8,0,59,15,60,0,109,0,266,0
OTU_377,0,0,0,0,0,22,6,21,0,0,0,1,0,4,0,0,0,2,0,59
OTU_378,0,0,0,1,13,0,1,7,0,4,0,0,0,0,0,0,0,0,0,0
OTU_379,0,0,0,0,0,2,0,0,0,0,0,0,8,17,17,22,5,0,0,0
OTU_38,19,3,7,374,283,7,53,145,123,250,0,0,0,0,0,0,0,0,0,0
OTU_380,0,0,0,0,0,0,0,0,0,0,2,0,7,8,7,0,16,0,0,0
OTU_381,0,0,0,0,0,70,295,94,58,0,0,0,0,0,0,0,0,376,0,0
OTU_382,3,7,18,63,33,135,215,160,85,96,0,0,0,0,0,0,0,0,0,0
OTU_383,0,0,0,0,0,0,0,0,0,0,0,0,0,43,43,315,0,0,0,0
OTU_384,16,22,41,933,981,61,66,1635,467,880,0,0,0,0,0,0,0,0,0,0
OTU_385,0,0,4,33,46,1,13,10,19,37,0,0,0,0,0,0,0,0,0,0
OTU_386,0,0,0,53,51,0,0,0,0,0,0,0,0,0,0,0,0,0,0,0
OTU_387,0,1,0,0,0,289,14,5124,112,1051,0,0,0,0,0,0,0,0,0,0
OTU_388,17556,3828,17730,0,0,0,1,3,24,22,2,8,2216,186,2243,2,0,0,0,3
OTU_389,4966,2507,5537,0,0,0,1,349,112,27,0,0,0,0,0,1,0,0,0,1
OTU_39,0,0,1,1645,700,0,0,0,0,0,0,0,0,0,0,0,0,0,0,0
OTU_390,0,0,0,0,0,70,0,0,0,0,50,45,90,31,64,0,13,0,97,72
OTU_391,0,93,0,1157,644,0,0,0,0,0,0,0,0,0,0,0,0,0,1,0
OTU_392,0,0,0,0,0,0,0,0,0,0,0,0,212,0,208,3,312,0,0,0
OTU_393,0,0,0,0,0,14,45,41,64,28,23,36,240,34,206,0,132,2,200,38
OTU_394,0,0,0,0,0,6,0,0,0,0,0,0,29,4,7,0,2,1,0,2
OTU_395,0,0,0,0,0,0,1,0,0,0,0,700,0,0,0,0,0,0,0,0
OTU_396,0,0,0,13,24,0,6,116,2,12,0,0,0,0,0,0,0,0,0,0
OTU_397,0,0,0,0,0,0,0,0,0,17,0,75,131,2,113,1,37,35,18,28
OTU_398,17,2,3,16,11,0,0,0,1,9,0,0,0,0,0,0,0,0,0,0
OTU_399,0,1,0,12,3,0,0,0,0,7,0,0,0,0,0,0,0,0,0,0
OTU_4,1773,228,2160,20713,33123,451,6301,7136,5721,16999,0,0,0,0,0,1,1,0,3,0
OTU_40,118,8,95,88,31,342,59,424,56,64,0,0,0,0,0,0,0,0,0,0
OTU_400,130,3,132,0,0,0,0,0,0,0,0,0,0,0,0,0,0,0,0,0
OTU_401,12,19,10,27,29,0,0,23,34,14,0,0,0,0,0,0,0,0,0,0
OTU_402,0,0,0,0,0,0,0,0,0,0,0,0,0,93,0,0,0,0,0,0
OTU_403,117,10,65,0,3,1,62,16,13,3,0,0,0,0,0,0,8,0,0,9
OTU_404,52,18,55,0,0,12,1,0,0,0,0,0,0,0,0,0,0,0,0,0
OTU_405,0,3,0,98,78,0,0,78,0,0,0,0,0,0,0,0,0,0,0,0
OTU_406,0,0,0,0,0,0,0,0,0,0,3,0,0,0,0,0,17,0,0,15
OTU_407,28,79,27,769,59,0,7,0,0,1,0,0,0,0,0,0,0,0,0,0
OTU_408,0,8,0,270,298,0,0,0,0,220,0,0,0,0,0,0,0,0,0,0
OTU_409,0,0,0,0,0,0,0,0,0,0,0,1,33,10,12,0,12,0,0,0
OTU_41,1,0,0,0,0,1327,685,2135,231,120,137,1032,1428,453,1508,37,871,326,1352,112
OTU_410,1149,600,1186,1390,3137,0,18,2250,792,4910,0,0,0,0,0,0,0,0,0,1
OTU_411,112,7,103,32,77,51,313,166,120,138,0,0,0,0,0,0,0,5,2,20
OTU_412,0,0,0,0,0,0,0,0,0,0,7,1,10,12,34,0,13,0,0,0
OTU_413,0,0,7,0,0,23,0,0,33,0,0,0,0,0,0,0,0,0,0,19
OTU_414,0,0,1,26,8,0,1,3,1,11,0,0,0,0,0,0,0,0,0,0
OTU_415,0,0,0,0,0,0,0,0,62,0,0,0,0,0,0,0,0,0,0,0
OTU_416,0,0,0,0,0,0,4,358,10,0,0,0,0,0,0,0,0,0,0,0
OTU_417,0,0,0,0,0,30,0,0,0,0,7,0,0,0,0,0,246,0,0,0
OTU_418,0,0,0,179,0,0,0,0,0,0,0,0,0,0,0,0,10,0,0,0
OTU_419,0,0,0,7,1,2,0,19,6,6,0,0,0,0,0,0,8,3,0,0
OTU_42,0,1,0,0,0,24,2,7,0,2,35215,5529,9004,12798,9682,623,6620,34,3310,0
OTU_420,0,0,0,0,0,76,2,0,0,0,0,770,0,0,0,0,0,1,0,0
OTU_421,0,0,0,0,0,0,0,0,0,0,0,0,0,0,0,0,0,340,0,0
OTU_422,0,0,0,0,0,0,0,0,0,0,0,0,37,3,79,0,0,0,0,0
OTU_423,0,0,0,5,35,0,0,0,56,19,0,0,0,0,0,0,0,0,0,0
OTU_424,0,0,0,0,0,0,0,839,0,0,0,0,0,0,0,0,0,0,0,0
OTU_425,0,0,0,1,34,0,0,0,0,0,0,0,0,0,0,0,0,0,0,0
OTU_426,0,0,0,5,0,0,0,0,7,0,40,0,0,0,0,0,3,0,1,0
OTU_427,0,0,0,0,0,0,0,0,0,0,5,0,0,0,0,0,12,0,0,17
OTU_428,0,0,0,0,15,0,1,0,2,35,0,0,0,0,0,0,0,0,0,0
OTU_429,0,3,2,0,1,5,0,0,35,1,0,0,0,0,0,0,0,0,0,0
OTU_43,0,0,0,0,0,0,0,0,0,0,0,242,0,0,0,0,631,0,235,0
OTU_430,0,0,1,6,4,1,2,3,17,1,0,0,0,0,0,0,0,1,0,0
OTU_431,0,0,0,0,0,9,0,0,0,0,0,0,0,0,0,0,7,0,8,0
OTU_432,0,0,0,0,0,6,0,0,0,0,0,0,0,0,0,1,67,0,115,0
OTU_433,0,0,0,0,0,2,0,0,4,0,0,0,6,5,0,2,0,0,6,1
OTU_434,72,4,60,0,0,0,0,0,0,0,0,0,0,0,0,0,0,0,0,0
OTU_435,11,0,8,0,10,20,11,14,0,44,0,0,0,0,2,0,0,1,0,0
OTU_436,118,40,134,10,271,63,8,551,411,122,0,0,0,0,0,1,0,6,0,0
OTU_437,0,0,0,25,0,0,3,17,0,0,0,0,0,0,0,0,0,0,0,0
OTU_438,97,46,132,39,0,0,0,0,0,0,0,0,0,0,0,0,0,0,0,0
OTU_439,24,19,43,188,152,61,4,21,10,33,7,0,3,7,4,0,7,0,6,0
OTU_44,17,14,26,216,359,2529,36,744,1970,94,59,49,67,219,104,120,225,136,218,230
OTU_440,190,56,212,0,0,0,0,0,46,133,0,0,0,0,0,0,0,0,0,0
OTU_441,7,124,17,1331,691,0,1,0,0,0,0,0,0,0,0,0,0,0,0,0
OTU_442,141,27,154,112,60,154,439,707,200,203,0,0,0,0,0,0,0,0,0,0
OTU_443,0,0,0,0,0,0,0,0,0,0,1,0,48,16,50,0,67,0,0,0
OTU_444,0,0,0,6,93,0,0,0,0,0,0,0,0,0,0,0,0,0,0,0
OTU_445,0,0,0,0,0,0,0,0,0,0,0,0,0,0,0,0,0,22,90,0
OTU_446,0,0,0,12,38,10,24,6,62,65,0,0,0,0,0,0,0,0,0,0
OTU_447,0,0,0,0,24,0,0,0,6,1,0,0,0,0,0,0,0,0,0,0
OTU_448,2,5,2,100,168,16,10,34,67,31,26,9,0,8,0,0,4,0,79,0
OTU_449,72,4,69,0,70,0,0,42,266,51,0,0,0,0,0,0,0,0,0,0
OTU_45,0,0,0,0,0,537,938,93,31,1146,0,1,0,0,0,0,0,0,0,0
OTU_450,0,0,0,21,115,0,0,0,0,0,0,0,0,0,0,0,0,0,0,0
OTU_451,37,1,21,0,0,0,0,12,0,3,0,0,0,0,0,0,0,0,0,0
OTU_452,9,20,24,0,0,0,0,0,0,0,0,0,0,0,0,0,0,0,24,0
OTU_453,2,0,5,0,0,6,67,36,158,9,0,0,0,0,0,0,0,0,0,330
OTU_454,0,0,3,8,70,0,0,0,0,13,0,0,0,0,0,0,0,0,0,0
OTU_455,10,11,7,502,407,0,0,0,74,1,0,0,0,0,0,0,0,0,0,0
OTU_456,0,0,0,0,0,22,0,0,21,0,0,0,0,0,0,0,0,0,0,8
OTU_457,0,0,0,0,0,7,0,0,0,0,3,0,0,2,1,0,4,0,43,2
OTU_458,8,1,14,0,0,12,0,0,0,0,0,0,0,0,0,0,0,0,0,0
OTU_459,254,0,249,0,0,0,0,0,0,225,0,0,0,0,0,0,0,0,0,0
OTU_46,21,3,11,112,128,0,42,13,23,105,0,0,0,0,0,0,0,0,0,0
OTU_460,0,0,0,15,1,0,0,0,0,12,0,0,0,0,0,0,0,0,0,0
OTU_461,0,0,0,0,0,0,0,0,0,0,0,11,0,0,0,0,23,0,23,0
OTU_462,0,0,0,0,0,0,17,36,4,1,0,0,0,0,0,0,0,0,0,0
OTU_463,0,4,1,3,0,12,1,24,4,3,0,0,0,0,0,0,0,0,0,0
OTU_464,0,47,0,0,0,0,0,0,0,0,0,0,0,0,0,0,0,0,0,0
OTU_465,0,2,2,4,0,23,0,10,37,0,1,2,3,7,0,35,7,4,32,0
OTU_466,0,0,0,0,0,0,0,0,0,0,0,0,0,0,0,0,0,0,0,187
OTU_467,0,0,0,0,0,148,0,0,0,0,0,0,0,0,0,0,0,1,30,0
OTU_468,25,3,29,29,24,0,4,37,114,41,0,0,0,0,0,0,0,0,0,0
OTU_469,12,0,13,0,0,1,0,0,6,0,0,0,0,0,0,0,0,0,0,0
OTU_47,437,515,484,0,0,0,0,0,0,0,0,0,0,0,0,0,0,0,0,0
OTU_470,0,0,0,0,0,0,0,0,0,0,0,17,0,0,3,0,30,0,37,0
OTU_471,0,69,2,0,0,0,0,0,0,16,0,0,0,0,0,0,0,0,0,0
OTU_472,43,0,28,0,0,0,0,0,0,0,0,0,0,0,0,0,0,0,0,0
OTU_473,0,0,0,0,0,0,0,0,0,0,0,125,116,11,161,0,13,0,0,0
OTU_474,0,0,0,0,0,0,0,2,0,0,0,0,1808,2,1843,0,5,0,0,0
OTU_475,0,0,0,0,0,0,0,0,0,0,0,32,0,0,0,4,77,22,0,0
OTU_476,0,0,3,0,0,0,0,0,15,0,0,0,0,0,0,0,0,0,0,0
OTU_477,33,0,0,14,0,0,0,0,0,0,0,0,0,91,2,1,0,1,0,0
OTU_478,0,0,0,0,0,0,243,0,0,0,0,0,0,0,0,0,0,0,0,0
OTU_479,0,0,0,0,0,0,0,1,0,0,0,25,459,0,374,0,0,1,0,0
OTU_48,0,90,0,486,0,0,0,0,0,0,0,0,0,0,0,0,0,0,0,0
OTU_480,0,0,0,0,0,0,0,0,0,0,0,7,0,0,0,0,21,0,0,30
OTU_481,59,6,40,0,1,0,47,0,0,0,0,0,0,0,0,0,0,0,0,0
OTU_482,0,0,0,0,0,323,0,0,0,0,0,0,46,0,24,0,0,0,0,0
OTU_483,0,0,0,93,25,0,0,0,0,0,0,0,0,0,0,0,0,0,0,0
OTU_484,0,0,0,9,0,0,0,95,37,19,0,0,0,0,0,0,0,0,0,0
OTU_485,0,0,0,0,0,27,30,0,4,2,0,0,0,0,0,0,4,0,0,51
OTU_486,0,1,0,0,0,9,0,0,3,0,4,3,0,0,0,0,0,0,17,0
OTU_487,12,0,2,75,4,0,0,0,0,0,0,0,0,0,0,0,0,0,0,0
OTU_488,0,103,0,0,0,0,0,0,0,0,0,0,0,0,0,0,0,0,0,0
OTU_489,18,0,5,1,0,1,0,0,2,0,0,0,0,0,0,15,0,18,0,0
OTU_49,239,102,222,217,18,6870,1935,5137,3375,929,205,428,601,281,737,2,291,1,1127,173
OTU_490,0,0,0,0,0,93,2,7,19,0,0,0,0,0,0,0,0,0,0,0
OTU_491,0,0,0,0,0,0,0,0,0,0,15,0,0,0,0,0,0,0,0,0
OTU_492,0,0,0,0,63,10,0,52,0,64,0,0,0,0,0,0,0,0,0,0
OTU_493,299,6,326,0,0,3,2739,64,13,3,0,0,0,0,0,0,0,0,0,0
OTU_494,0,0,0,0,0,109,0,0,0,4,0,0,7,18,10,5,0,0,0,4
OTU_495,0,1,1,9,7,7,0,3,2,0,0,0,0,0,0,4,6,0,0,0
OTU_496,37,1,40,367,350,0,1,70,6,36,0,0,0,0,0,0,0,0,0,0
OTU_497,0,0,0,0,0,0,0,0,0,0,0,8,0,0,0,0,15,0,28,0
OTU_498,2,0,0,13,44,16,0,20,5,2,0,0,0,1,0,1,5,0,4,0
OTU_499,0,0,0,0,0,2,2,0,0,0,4,1,0,2,0,5,6,9,2,68
OTU_5,0,0,0,0,0,0,1,0,0,1,0,1949,0,0,0,0,2919,0,894,0
OTU_50,2088,3263,1917,0,0,0,0,0,0,0,0,0,0,1,0,0,0,0,0,0
OTU_500,0,1,0,0,0,49,0,8,3,1,0,52,6149,1145,6124,3478,685,36,144,0
OTU_501,0,0,0,0,1,0,0,0,0,0,0,9,0,0,0,0,27,0,18,0
OTU_502,87,11,106,3,28,0,0,0,0,0,0,0,0,0,0,0,0,0,0,0
OTU_503,188,291,203,0,0,0,0,0,0,0,0,0,0,0,0,0,0,0,0,0
OTU_504,263,18,301,43,360,5,264,1,2412,71,0,0,0,0,0,0,0,0,0,0
OTU_505,0,0,0,0,0,0,0,0,0,0,0,0,0,0,0,0,0,98,0,0
OTU_506,0,0,0,0,0,0,0,0,0,0,3,0,0,0,0,0,10,0,0,8
OTU_507,0,0,0,23,0,0,1,0,0,227,0,0,0,0,0,0,0,0,0,0
OTU_508,0,0,0,0,0,0,2,1,0,13,0,0,0,0,0,0,0,0,0,0
OTU_509,0,55,0,0,0,0,0,0,0,0,0,0,0,0,0,0,0,0,0,0
OTU_51,0,0,0,0,0,0,0,0,0,0,57,0,20,0,11,0,182,0,0,179
OTU_510,0,11,0,31,59,0,0,455,2,76,0,0,0,0,0,0,0,0,0,0
OTU_511,0,0,0,0,0,0,0,0,155,0,0,0,0,0,0,0,0,0,0,0
OTU_512,0,0,0,0,0,0,0,2,0,0,0,35,161,3404,221,0,660,135,10,0
OTU_513,9,0,0,0,0,0,0,0,1,0,0,0,15,0,0,0,0,0,0,0
OTU_514,0,0,0,15,17,0,0,0,0,0,0,0,0,0,0,0,0,0,0,0
OTU_515,0,0,0,26,1,0,42,26,14,16,0,0,0,0,0,0,0,0,0,0
OTU_516,0,0,0,35,0,0,0,0,0,0,0,0,0,0,0,0,0,0,0,0
OTU_517,0,0,5,18,21,1,0,5,71,76,0,0,0,0,0,0,0,0,0,0
OTU_518,0,0,0,0,0,0,0,0,224,0,0,0,0,0,0,0,0,0,0,0
OTU_519,411,151,414,179,31,47,3,51,125,56,0,0,0,0,0,0,0,0,0,0
OTU_52,18,2,5,1,0,35,16,105,0,0,0,1,12,8,15,344,40,777,159,0
OTU_520,0,0,1,0,0,1,0,2,15,1,0,1,4,2,4,0,0,1,58,0
OTU_521,5,0,2,7,0,7,8,0,8,3,0,0,0,0,0,0,0,1,0,0
OTU_522,0,0,0,27,0,0,0,0,0,0,0,0,0,0,0,0,0,0,0,0
OTU_523,0,0,0,0,0,0,0,311,0,0,0,0,0,0,0,0,0,0,0,0
OTU_524,0,0,0,0,0,0,0,0,0,0,0,40,0,14,0,7,4,0,0,0
OTU_525,0,0,0,0,0,0,0,0,0,0,22,0,0,0,0,4,0,0,0,0
OTU_526,0,15,0,189,0,0,0,0,0,0,0,0,0,0,0,0,0,0,0,0
OTU_527,0,0,0,35,0,0,0,0,0,0,0,0,0,0,0,0,0,0,0,0
OTU_528,6,0,11,0,0,20,9,0,0,1,0,13,0,0,5,4,60,2,0,137
OTU_529,3,0,3,13,3,0,0,1,0,0,0,0,0,0,0,0,0,0,0,0
OTU_53,0,0,0,0,0,719,0,438,23,7,0,0,0,0,0,0,0,0,0,0
OTU_530,0,1,0,0,0,10,2,9,1,3,0,0,0,0,0,0,0,0,0,0
OTU_531,0,0,0,30,44,0,0,20,0,0,0,0,0,0,0,0,0,0,0,0
OTU_532,6,0,0,0,0,19,1,0,0,0,0,0,0,0,0,0,0,0,0,0
OTU_533,0,0,0,0,0,0,0,0,0,0,1,2,27,5,25,0,8,0,0,0
OTU_534,0,0,0,0,0,0,0,0,0,0,0,0,0,0,0,0,159,0,0,0
OTU_535,0,1,0,0,0,0,0,0,0,0,0,0,0,22,16,2,0,0,14,0
OTU_536,0,0,0,0,0,0,265,0,0,9,0,0,0,0,0,2,0,0,0,0
OTU_537,2453,1372,2506,135,409,9149,3952,5573,1187,1549,0,0,0,0,0,0,15,9,262,0
OTU_538,0,0,3,0,0,1,1,0,120,0,0,0,0,0,0,0,0,0,0,0
OTU_539,0,0,0,0,0,0,0,0,0,0,0,0,0,0,0,0,41,0,0,0
OTU_54,37,34,48,37,6,157,195,563,182,293,0,0,0,0,0,48,21,91,0,0
OTU_540,31,7,22,0,0,0,5,0,2,0,0,0,0,0,0,0,0,0,0,0
OTU_541,36,41,37,0,0,0,0,0,0,0,0,1,0,0,0,0,0,0,0,0
OTU_542,0,0,0,0,0,0,0,0,0,186,0,0,0,0,0,0,0,0,0,0
OTU_543,0,0,0,0,0,271,0,0,0,0,39,17,13,12,19,12,2815,2,1459,0
OTU_544,0,36,0,0,0,0,1,0,0,0,0,0,0,0,0,0,0,0,0,0
OTU_545,188,0,176,0,0,0,0,0,0,0,0,0,0,0,0,0,0,0,0,0
OTU_546,0,0,0,40,0,0,0,0,5,16,0,0,0,0,0,0,0,0,0,0
OTU_547,11,10,18,0,9,12,0,60,12,0,0,0,0,7,0,0,0,0,0,0
OTU_548,1,0,2,0,0,0,0,0,531,102,0,0,0,0,0,0,0,0,0,0
OTU_549,0,0,0,425,0,0,0,0,0,55,0,0,0,0,0,0,0,0,0,0
OTU_55,2069,1969,2577,52,116,645,150,180,170,562,0,0,0,0,0,2,0,0,0,0
OTU_550,0,0,0,0,0,0,0,221,0,0,0,0,0,0,0,0,0,1,0,0
OTU_551,28,32,9,0,25,0,0,0,0,0,0,0,0,0,0,0,0,0,0,0
OTU_552,0,0,0,0,0,0,0,562,0,0,0,0,0,0,0,0,17,20,0,0
OTU_553,0,0,0,0,0,30,0,0,0,1,0,0,0,0,0,0,0,0,0,0
OTU_554,0,0,0,0,0,0,0,0,40,0,0,0,0,0,0,0,0,0,0,0
OTU_555,0,0,1,0,0,5,2,0,0,0,0,0,25,4,7,1,0,0,0,0
OTU_556,0,0,0,12,0,0,13,4,0,179,0,0,0,0,0,0,0,0,0,0
OTU_557,0,0,0,0,0,17,7,0,10,0,8,1,0,0,0,0,5,0,22,5
OTU_558,0,0,0,0,0,3,0,0,8,0,3,1,109,23,71,9,292,14,734,6
OTU_559,0,0,0,219,0,0,0,0,0,0,0,0,0,0,0,0,0,0,0,0
OTU_56,0,0,1,0,0,43,0,0,0,2,0,0,10,10,4,2,0,0,0,0
OTU_560,0,0,0,0,0,0,0,62,0,0,0,0,0,0,0,0,0,0,0,0
OTU_561,0,0,0,0,0,0,0,0,0,0,4,0,0,0,0,0,24,0,0,14
OTU_562,0,0,0,31,8,0,0,0,0,7,0,0,0,0,0,0,0,0,0,0
OTU_563,0,0,0,14,0,0,19,58,16,13,0,0,0,0,0,0,0,0,0,0
OTU_564,0,0,0,0,0,0,3,16,15,9,0,0,0,0,0,0,0,0,0,0
OTU_565,0,0,1,0,0,0,0,0,0,0,0,0,6,13,7,0,0,0,3,0
OTU_566,0,0,0,0,0,0,0,0,0,0,0,3,0,0,0,0,16,0,5,0
OTU_567,0,0,0,0,0,6,5,0,0,1,7,6,11,19,5,0,6,4,95,9
OTU_568,28,0,50,0,0,0,0,0,0,0,0,0,0,0,0,0,0,0,0,0
OTU_569,0,0,4,63,3,2228,10,6,39,1,2,37,75,31,26,3175,549,5626,2753,4
OTU_57,115,202,153,29,20,6920,12192,62,201,7053,75412,73239,58288,97533,53577,52324,17098,98101,58594,82738
OTU_570,5,1,15,0,0,0,11,0,1619,0,0,0,0,0,0,0,0,0,0,0
OTU_571,0,0,0,0,0,5,0,0,0,0,3,21,21,19,9,9,48,2,22,4
OTU_572,0,0,1,0,0,5,0,0,2,0,0,0,0,5,1,0,2,0,14,0
OTU_573,1,0,0,0,0,24,0,0,2,0,0,0,0,0,0,0,0,0,0,0
OTU_574,0,0,0,0,0,69,0,0,0,8,0,0,0,0,0,0,0,0,0,0
OTU_575,0,0,0,0,31,0,0,0,0,0,0,0,0,0,0,0,0,0,0,0
OTU_576,31,13,50,0,0,0,22,0,254,4,0,0,0,0,0,0,0,0,0,140
OTU_577,294,145,216,0,0,0,0,0,0,0,0,0,0,0,0,0,0,0,0,0
OTU_578,0,0,0,0,0,0,0,9,4,0,0,0,0,0,0,0,0,0,34,0
OTU_579,0,0,0,0,0,0,0,0,0,0,20,0,0,0,0,0,0,0,0,19
OTU_58,39,32,21,0,14,383,14,130,79,103,0,0,0,0,0,0,0,0,13,0
OTU_580,52,3,64,7,16,41,29,99,33,24,0,0,0,0,16,0,0,0,0,8
OTU_581,5,10,5,0,4,130,3,42,40,14,0,0,0,0,0,0,0,0,0,0
OTU_582,0,0,0,0,0,0,0,0,0,0,0,0,51,4,8,0,0,0,0,0
OTU_583,0,0,0,0,0,0,0,0,0,0,0,12,0,0,0,0,30,0,20,0
OTU_584,0,0,0,0,0,0,0,0,67,0,0,0,0,0,0,0,0,0,0,0
OTU_585,0,0,0,5,15,3,0,3,2,0,0,0,0,0,0,0,0,0,1,0
OTU_586,13,0,3,0,0,0,0,0,0,0,0,0,0,0,0,0,0,0,0,39
OTU_587,0,0,0,0,0,0,0,0,0,1,0,0,0,0,0,0,0,92,0,0
OTU_588,0,0,0,0,2,21,0,4,8,3,0,0,0,0,0,2,0,2,17,0
OTU_589,0,0,0,0,0,0,0,0,0,0,31,17,0,0,0,0,0,0,0,0
OTU_59,0,3020,4,0,0,0,366,0,0,0,0,0,0,0,0,0,0,0,0,0
OTU_590,0,0,2,9,122,0,0,0,0,0,0,0,0,0,0,0,0,0,0,0
OTU_591,5,3,7,0,0,0,0,0,0,0,0,0,0,0,0,0,0,0,18,0
OTU_592,0,1,0,5,2,2,3,18,1,1,1,3,0,2,2,2,4,1,1,0
OTU_593,0,8,0,16,0,0,0,0,0,0,0,0,0,0,0,0,0,0,0,0
OTU_594,35,9,58,0,0,0,0,0,0,1,0,0,0,0,0,0,0,0,0,0
OTU_595,0,0,0,0,0,0,0,0,0,0,66,216,46,37,32,478,109,0,0,0
OTU_596,0,7,4,106,63,2,6,167,161,23,0,0,0,0,0,0,0,0,0,0
OTU_597,1,0,2,0,0,30,0,0,0,0,23,0,3,56,11,0,189,0,337,0
OTU_598,0,0,0,0,0,0,0,0,0,0,1,0,15,0,0,0,6,0,0,7
OTU_599,0,84,1,121,75,0,0,0,0,263,0,0,0,0,0,0,0,0,0,0
OTU_6,0,0,0,0,0,1,0,0,0,0,158,0,60,0,31,0,665,0,0,786
OTU_60,4,1,5,169,117,13,38,30,44,116,0,0,0,0,0,0,0,0,0,0
OTU_600,0,0,0,0,0,0,0,0,0,0,0,6,0,0,0,0,29,0,4,0
OTU_601,0,0,0,0,0,0,0,0,0,0,0,3,0,0,0,0,14,0,1,0
OTU_602,0,0,0,0,0,25,2,201,0,3,0,0,0,0,0,0,0,0,0,0
OTU_603,19,1,5,12,0,65,0,3,2,0,0,1,12,1,5,404,3,142,45,20
OTU_604,0,0,0,0,0,2,0,0,0,0,45,0,0,13,4,0,7,0,1,0
OTU_605,0,0,0,2133,2,0,0,0,0,0,0,0,0,0,0,0,0,0,0,0
OTU_606,0,0,0,0,0,0,0,0,0,133,0,0,0,0,0,0,0,0,0,0
OTU_607,0,6,0,0,0,43,0,0,0,142,0,0,0,0,0,0,0,0,14,0
OTU_608,0,0,0,0,0,0,0,0,149,0,0,0,0,0,0,0,0,0,0,0
OTU_609,0,0,0,245,133,0,0,0,0,0,0,0,0,0,0,0,0,0,0,0
OTU_61,459,1973,571,61,217,7677,1017,2887,1456,642,1,0,0,0,0,73,52,4,82,0
OTU_610,0,8,6,16,186,0,0,0,0,26,0,0,0,0,0,0,0,0,0,0
OTU_611,0,0,0,0,0,13,0,0,0,2,0,0,0,0,0,2,4,0,11,0
OTU_612,0,0,0,0,0,0,0,0,0,0,0,1,0,0,0,0,4,0,12,0
OTU_613,0,0,0,0,0,0,0,0,0,0,1,0,0,0,0,0,10,0,0,15
OTU_614,18,24,27,0,2,0,0,0,0,0,0,0,0,0,0,0,0,0,0,0
OTU_615,8,2,14,0,0,51,0,0,11,0,0,0,0,0,0,0,0,0,0,0
OTU_616,0,67,0,0,0,0,0,0,0,0,0,0,0,0,0,0,0,0,0,0
OTU_617,0,0,0,0,0,0,0,0,0,0,0,0,8,0,3,0,0,24,0,0
OTU_618,540,34,430,0,0,0,0,0,0,0,0,0,0,0,0,0,0,0,0,1
OTU_619,0,0,0,0,0,19,0,0,4,0,0,0,0,0,0,0,0,0,0,0
OTU_62,1019,96,1049,0,0,18,0,0,1,457,0,0,0,30,4,657,314,0,632,0
OTU_620,43,2,59,0,0,0,0,0,11,14,0,0,0,0,0,0,0,0,0,0
OTU_621,27,0,35,0,1,0,0,0,0,0,0,0,0,0,0,0,0,0,0,0
OTU_622,0,0,0,0,0,0,0,0,0,0,0,175,0,0,0,0,0,0,0,0
OTU_623,0,0,0,0,0,0,0,0,0,0,0,0,5,0,8,0,0,0,0,0
OTU_624,0,0,0,0,0,0,19,39,0,0,0,0,0,0,0,3,0,0,0,0
OTU_625,0,0,0,0,0,0,0,0,0,0,0,0,0,0,0,0,0,0,0,140
OTU_626,0,0,0,0,0,0,0,0,0,0,2,1,8,14,8,0,10,0,0,0
OTU_627,0,0,0,0,0,0,0,0,0,0,0,282,0,0,0,0,0,0,0,0
OTU_628,0,6,0,1,11,0,0,0,0,2,0,0,0,0,0,0,0,0,0,0
OTU_629,0,0,0,0,0,2,0,6,0,2,1,0,0,0,0,0,0,0,5,0
OTU_63,155,0,90,16,2,10,46,457,62,40,0,0,0,0,0,1,22,17,0,0
OTU_630,1381,1,1050,0,0,1,0,0,9328,387,0,0,0,0,0,2,0,0,0,0
OTU_631,0,0,0,0,0,0,0,353,0,0,0,0,0,0,0,0,0,0,0,0
OTU_632,0,0,0,0,0,0,0,0,0,0,0,0,255,297,405,15,135,120,0,0
OTU_633,4,1,10,0,0,589,8,46,302,46,9,8,7,8,11,0,1,5,18,2
OTU_634,0,0,0,0,0,0,0,0,0,0,1,0,0,0,0,0,9,0,0,8
OTU_635,0,0,0,0,0,7,0,38,0,15,0,368,152,90,168,49,60,0,21,0
OTU_636,0,0,0,2,1,0,0,22,0,3,0,0,0,0,0,0,0,0,0,0
OTU_637,0,0,0,5,3,12,6,8,2,11,0,12,65,1,53,2,90,29,26,2
OTU_638,0,0,0,353,0,0,0,0,0,0,0,0,0,0,0,0,0,0,0,0
OTU_639,0,0,0,0,0,0,0,0,0,0,11,0,0,44,2,0,7,0,0,0
OTU_64,0,0,0,34,21,159,32,247,165,19,0,0,1,0,0,0,0,5,0,0
OTU_640,3,0,0,20,3,0,0,0,0,0,0,0,0,0,0,0,0,0,0,0
OTU_641,0,0,0,0,0,0,0,0,0,0,0,9,0,0,0,0,24,0,17,0
OTU_642,0,0,2,0,0,0,0,5,0,18,0,0,0,0,0,0,0,0,0,0
OTU_643,0,0,0,0,0,0,0,0,0,0,0,0,231,95,269,3,1,6,0,0
OTU_644,0,20,0,619,10,0,0,0,0,0,0,0,0,0,0,0,0,0,0,0
OTU_645,211,83,173,71,27,0,0,0,275,28,0,0,0,0,0,1,0,0,0,0
OTU_646,0,0,0,0,0,0,0,326,0,0,0,0,0,0,0,0,0,0,0,0
OTU_647,0,0,0,0,0,0,0,0,0,0,0,5,63,0,67,0,21,12,155,0
OTU_648,0,0,0,14,17,0,2,0,0,2,0,0,0,0,0,0,0,0,0,0
OTU_649,0,29,6,0,0,4,0,0,0,2,162,4,0,30,1,15,201,31,591,8
OTU_65,0,0,0,0,0,0,0,0,0,0,20,5,80,38,103,0,85,0,14,0
OTU_650,65,245,63,6027,6774,0,0,0,14,0,0,0,0,0,0,0,0,0,0,0
OTU_651,58,5,79,106,8,110,159,5999,1105,244,0,0,0,0,0,0,0,8,0,0
OTU_652,0,0,1,0,0,67,0,2,0,0,64,2,931,142,751,31,875,405,390,1
OTU_653,0,0,0,0,0,0,0,0,0,0,0,0,0,107,0,32,2,0,0,0
OTU_654,377,195,385,1554,1335,1953,12004,3123,3759,1467,0,3,0,0,0,0,0,0,0,20
OTU_655,0,0,0,0,0,4,2,0,51,3,0,0,0,0,0,0,0,0,17,0
OTU_656,0,0,0,0,0,0,0,0,0,0,0,0,0,18,0,0,0,0,0,0
OTU_657,172,213,176,126,409,0,13,1725,1732,97,0,0,0,0,0,0,0,0,0,0
OTU_658,0,0,0,0,0,0,0,1,0,0,520,738,1103,884,1089,3,285,6,195,23
OTU_659,41790,8264,37762,0,0,0,3,9,47,0,0,0,2,1,0,8,0,0,0,6
OTU_66,0,0,0,2,11,289,215,359,65,129,0,89,0,8,3,177,202,2447,181,487
OTU_660,3,0,1,43,7,138,9,160,11,8,31,204,28,48,44,1,2,3,12,0
OTU_661,0,0,0,86,55,8,5,26,27,55,0,0,0,0,0,0,0,0,0,0
OTU_662,1438,2630,1833,0,4,0,0,0,84,944,0,0,0,0,0,0,0,0,0,1
OTU_663,47,7,32,308,195,70,59,615,88,104,0,0,0,0,0,0,0,0,0,0
OTU_664,0,0,2,9,12,0,1,0,1,15,0,0,0,0,0,0,0,0,0,0
OTU_665,0,0,0,0,0,0,0,0,0,0,0,144,0,0,0,0,0,0,0,0
OTU_666,0,0,0,16,10,0,2,5,0,30,0,0,0,0,0,0,0,0,0,0
OTU_667,0,0,0,0,0,0,0,0,8,0,0,0,0,0,0,0,0,0,0,0
OTU_668,0,0,1,4,0,3,5,4,2,2,1,5,0,11,1,0,2,0,0,0
OTU_669,0,0,0,0,0,10,0,2,0,19,0,0,0,0,0,0,0,0,0,0
OTU_67,9,2,12,52,22,162,123,496,118,79,0,0,0,0,0,0,0,5,0,0
OTU_670,0,0,0,0,0,6601,0,0,0,0,0,0,0,0,0,0,0,0,0,0
OTU_671,503,117,394,111,70,0,20,68,371,509,0,0,0,0,0,0,0,0,0,0
OTU_672,0,3,0,0,0,0,0,0,7,0,0,0,0,0,0,0,0,4,0,4
OTU_673,0,0,0,0,0,0,0,0,9,0,0,0,0,0,0,0,0,0,0,0
OTU_674,73,5,79,0,0,9,73,0,17,60,0,0,13,52,19,0,47,0,15,0
OTU_675,0,0,0,0,0,0,0,0,0,0,0,0,0,0,0,0,0,117,0,0
OTU_676,42,3,30,20,12,0,0,0,0,0,0,0,0,0,0,0,0,0,0,0
OTU_677,0,0,0,0,0,0,0,17,0,1,0,0,0,0,0,0,0,20,0,6
OTU_678,0,0,0,0,0,0,0,0,0,0,0,0,0,0,0,0,23,7,0,0
OTU_679,0,0,0,0,0,0,0,0,0,0,3,0,0,0,0,0,11,0,0,9
OTU_68,59,88,59,137,176,0,0,21,1,2,0,0,0,0,0,0,0,0,0,0
OTU_680,0,0,0,9,4,0,0,0,0,2,0,0,0,0,0,0,0,0,0,0
OTU_681,1,13,3,0,1,61,2,18,0,0,0,0,0,0,0,1,0,0,0,0
OTU_682,0,0,0,2,5,3,22,9,3,10,0,0,6,1,2,0,12,0,0,0
OTU_683,10,5,14,0,0,0,0,0,0,1,0,0,0,0,0,0,0,0,0,0
OTU_684,23,0,0,0,0,0,4,0,0,0,0,0,0,0,0,0,0,0,0,0
OTU_685,0,0,3,1,0,27,1,0,0,6,0,0,0,0,0,0,2,0,0,0
OTU_686,0,0,0,0,0,9,0,12,0,2,0,0,0,1,1,0,0,0,0,0
OTU_687,0,0,0,0,0,0,0,44,0,104,0,0,0,0,0,0,0,0,0,0
OTU_688,0,0,2,3,2,0,0,0,17,2,9,0,0,0,1,0,9,0,3,0
OTU_689,0,0,0,0,0,14,0,0,0,0,0,0,0,0,0,0,140,19,10,1
OTU_69,8,7,9,422,198,18,55,113,63,205,0,0,0,0,0,0,0,0,0,0
OTU_690,7,1,5,0,1,0,0,0,0,1,0,0,0,0,0,0,34,0,0,0
OTU_691,0,0,0,0,0,0,0,0,0,0,0,3,0,0,0,0,15,0,4,0
OTU_692,0,0,0,0,0,0,0,0,0,0,0,0,0,0,0,0,0,0,0,22
OTU_693,0,0,0,0,0,1,0,0,0,0,157,46,2,25,5,0,0,0,11,0
OTU_694,0,0,0,0,0,0,0,0,0,0,0,0,0,7,0,0,8,0,4,0
OTU_695,6,0,21,0,2,0,24,36,4,4,0,0,0,0,0,0,0,0,0,0
OTU_696,0,0,0,0,0,0,0,0,0,0,0,16,0,0,8,0,0,0,0,0
OTU_697,0,0,0,0,0,0,0,0,0,1,6,9,24,13,10,8,6,2,21,6
OTU_698,3,0,0,9,1,0,6,0,2,1,0,0,0,0,0,0,0,0,0,0
OTU_699,0,0,0,0,0,0,0,0,0,0,0,39,15,63,28,0,0,0,0,0
OTU_7,0,0,0,0,0,3,0,0,0,0,9629,0,0,1,0,0,0,0,0,0
OTU_70,2096,86,1815,331,144,164,3,1502,364,590,6,0,287,51,266,2,114,0,237,0
OTU_700,0,0,0,0,0,0,0,0,0,0,0,3,0,0,0,0,14,0,9,0
OTU_701,0,0,9,3,0,9,5,52,4,0,0,0,0,0,0,0,0,0,0,0
OTU_702,0,0,0,0,0,0,0,0,0,0,0,0,0,0,0,86,0,0,0,0
OTU_703,4,0,1,11,2,0,0,0,0,0,0,0,0,0,0,0,0,0,0,0
OTU_704,0,0,0,21,3,0,0,13,0,0,0,0,0,0,0,0,0,0,0,0
OTU_705,0,0,0,0,0,35,0,0,0,0,0,0,0,0,0,0,0,250,0,0
OTU_706,0,0,0,0,0,0,0,0,0,0,0,0,73,0,0,0,0,0,0,0
OTU_707,0,0,1,0,0,0,0,18,12,0,0,0,0,0,0,0,0,0,0,0
OTU_708,0,0,0,0,4,1,2,4,1,6,0,2,0,0,1,0,74,1,17,9
OTU_709,0,0,0,0,0,0,0,0,0,0,0,15,0,0,0,0,38,0,0,0
OTU_71,8,22,5,0,0,82,54,0,10,81,0,0,0,0,0,0,9,0,17,0
OTU_710,0,0,0,0,0,0,0,0,0,0,1,0,0,30,3,1,0,1,9,0
OTU_711,0,0,0,0,0,44,8,0,0,6,0,0,0,0,0,0,0,0,0,0
OTU_712,0,0,0,27,0,0,0,0,0,0,0,0,0,0,0,0,0,0,0,0
OTU_713,85,0,86,0,0,0,0,0,0,0,0,0,0,0,0,0,0,0,0,0
OTU_714,0,0,0,0,0,0,0,0,0,0,1,0,1,1,7,0,1,0,5,0
OTU_715,0,0,0,10,10,4,5,40,0,0,0,0,0,0,0,3,43,23,2,0
OTU_716,0,0,0,7,5,0,0,0,0,0,0,0,0,0,0,0,9,0,7,0
OTU_717,7,0,3,2,4,0,0,4,0,2,0,0,0,0,0,0,0,3,0,0
OTU_718,0,87,0,189,0,0,0,0,0,167,0,0,0,0,0,0,0,0,0,0
OTU_719,0,0,0,0,0,62,0,3,0,0,0,0,0,0,0,0,0,0,0,0
OTU_72,1,1,1,179,132,39,33,205,119,3,0,0,0,0,0,0,0,0,0,0
OTU_720,0,0,0,0,0,0,0,0,0,0,0,4,0,0,0,0,0,0,37,0
OTU_721,0,0,0,0,0,0,0,0,0,0,9,0,0,0,5,0,40,0,0,18
OTU_722,0,0,0,0,0,0,0,0,14,21,0,0,0,0,0,0,0,0,0,0
OTU_723,0,0,0,0,0,0,0,0,0,0,26,27,0,16,8,1,15,12,67,40
OTU_724,3,0,0,0,0,0,0,0,0,1,4,3,28,7,4,2,8,6,10,6
OTU_725,10,0,3,6,2,5,0,10,15,2,0,0,30,0,3,0,3,4,13,5
OTU_726,0,0,0,0,0,0,0,76,0,15,0,0,0,0,0,0,0,0,0,0
OTU_727,16,1,12,0,0,0,0,0,271,0,0,0,0,0,0,0,0,0,0,0
OTU_728,0,10,0,26,29,0,0,0,0,0,0,0,0,0,0,0,0,0,0,0
OTU_729,0,0,0,0,0,4,0,0,0,0,0,0,1,1,11,0,0,0,24,0
OTU_73,83,0,62,680,215,0,0,29,947,722,0,0,0,0,0,0,0,0,0,0
OTU_730,1136,1361,1041,0,0,0,0,0,0,0,0,0,0,0,0,1,0,0,0,0
OTU_731,0,0,0,1,37,0,0,0,0,0,0,0,0,0,0,0,0,0,0,0
OTU_732,0,0,0,17,14,0,1,22,0,0,0,0,0,0,0,0,0,0,0,0
OTU_733,0,0,0,0,0,0,0,34,0,5,0,0,0,0,0,0,0,0,0,0
OTU_734,0,0,0,0,0,0,0,0,0,0,0,4,0,10,2,0,0,4,1,0
OTU_735,0,0,0,0,0,0,0,0,62,0,0,0,0,0,0,0,0,0,0,0
OTU_736,0,0,0,0,0,2,0,0,0,0,0,20,0,1,3,29,77,3,19,2
OTU_737,0,0,0,0,0,0,0,0,0,0,0,4,0,0,0,0,18,0,6,0
OTU_738,3,0,2,1,13,23,0,21,9,0,0,0,0,0,0,0,0,0,0,0
OTU_739,0,0,0,0,0,0,0,0,0,0,0,0,76,0,182,0,5,0,329,0
OTU_74,5631,1463,6441,504,5,147,0,0,2,0,0,0,0,0,0,0,0,0,211,2
OTU_740,0,0,0,0,0,0,0,43,0,11,0,0,0,0,2,0,0,0,0,0
OTU_741,0,0,0,0,0,5,3,60,0,0,0,0,0,0,0,0,0,0,0,0
OTU_742,0,0,0,0,0,0,0,0,0,0,1,0,0,23,0,0,10,0,0,5
OTU_743,0,0,0,0,1,0,0,12,0,0,0,1,0,8,0,0,17,3,589,0
OTU_744,0,0,2,0,0,0,0,18,13,0,0,0,0,0,0,0,0,0,0,0
OTU_745,1,0,1,10,0,0,0,0,0,0,0,0,0,0,0,0,0,0,0,0
OTU_746,0,0,2,0,0,5,3,2,0,0,1,4,0,7,2,0,5,1,0,0
OTU_747,0,0,0,0,0,0,0,0,0,0,17,0,30,0,7,0,81,0,0,75
OTU_748,0,0,0,12,16,0,0,0,4,0,0,0,0,0,0,0,0,0,0,0
OTU_749,0,0,0,0,0,0,0,0,0,0,0,0,0,0,7,0,0,0,0,0
OTU_75,295,69,227,62,65,103,596,372,409,220,0,0,0,0,0,0,0,19,11,0
OTU_750,0,0,0,0,0,0,0,86,0,0,0,0,0,0,0,0,0,0,0,0
OTU_751,0,0,0,0,0,0,0,0,0,0,0,23,0,0,0,0,36,0,0,0
OTU_752,0,0,0,46,32,0,0,0,3,0,0,0,0,0,0,0,0,0,0,0
OTU_753,0,0,0,0,0,153,5,163,18,0,0,0,0,0,0,0,0,0,250,0
OTU_754,0,0,0,0,0,0,0,0,0,0,0,0,0,0,0,0,32,0,0,0
OTU_755,0,0,0,0,0,0,0,0,44,0,0,0,0,0,0,0,0,0,0,0
OTU_756,10,0,1,0,0,1,0,0,0,0,0,0,0,0,0,0,4,0,0,1
OTU_757,0,0,0,0,0,37,0,69,96,27,0,0,0,0,0,0,0,0,0,0
OTU_758,2,17,8,0,0,0,0,0,0,26,0,0,0,0,0,0,0,0,0,0
OTU_759,0,0,0,0,0,0,0,0,298,0,0,0,0,0,0,0,0,0,0,0
OTU_76,0,329,2,1,0,0,0,0,0,0,47,532,0,4,0,89,130,884,0,0
OTU_760,0,0,0,0,6,0,0,0,0,10,0,0,0,0,0,0,0,0,0,0
OTU_761,0,0,0,0,0,0,0,0,0,0,0,2,0,0,0,0,14,0,0,0
OTU_762,0,0,0,0,0,19,0,0,0,3,0,0,0,0,0,0,0,327,6,0
OTU_763,0,0,0,0,0,0,0,0,0,0,0,0,0,0,0,0,0,59,0,6
OTU_764,0,0,0,0,0,0,0,0,0,0,0,27,0,0,0,0,0,0,0,0
OTU_765,0,0,0,0,0,0,0,0,0,0,0,1,0,0,0,0,0,0,8,0
OTU_766,5,0,8,0,0,0,0,0,0,0,0,0,0,0,0,5,0,1,0,0
OTU_767,0,0,0,0,0,0,0,0,0,0,0,0,0,0,0,0,55,0,0,0
OTU_768,0,0,0,0,0,0,0,0,0,0,0,0,0,18,0,0,0,0,0,0
OTU_769,0,0,0,0,0,0,0,0,0,0,0,0,0,0,0,0,0,15,0,0
OTU_77,232,98,214,0,18,0,0,427,0,161,0,0,0,0,0,0,0,0,0,0
OTU_770,0,0,0,0,0,0,0,218,0,0,0,0,0,0,0,0,0,0,0,0
OTU_771,0,0,0,0,0,0,0,0,0,0,2,0,0,0,1,0,10,0,0,8
OTU_772,0,0,0,0,134,0,0,0,0,0,0,0,0,0,0,0,0,0,0,0
OTU_773,0,0,0,0,0,0,0,0,0,0,63,0,0,0,0,0,0,0,0,0
OTU_774,0,0,0,9,2,0,0,12,0,0,0,0,0,0,0,0,0,0,0,0
OTU_775,0,0,0,14,0,0,0,0,0,0,0,0,0,0,0,0,0,0,0,0
OTU_776,0,0,0,0,0,0,0,0,0,0,0,0,0,0,0,0,23,0,0,0
OTU_777,0,0,0,0,0,0,0,0,0,0,0,0,0,133,0,0,0,0,0,0
OTU_778,0,0,0,0,0,0,0,0,0,0,0,1,0,0,0,0,9,0,0,0
OTU_779,0,0,0,0,0,0,0,0,0,0,1,0,0,0,0,0,11,0,0,8
OTU_78,205,17,171,0,1,126,0,196,304,2,388,3,0,0,0,69,11,1,13,0
OTU_780,0,0,0,0,0,0,0,0,0,17,0,0,0,0,0,0,0,0,0,0
OTU_781,0,0,0,0,0,0,0,0,0,0,0,0,1,19,1,0,0,0,0,0
OTU_782,0,0,0,0,0,0,0,0,0,0,0,0,0,0,0,0,0,0,13,0
OTU_783,0,0,0,0,0,0,0,0,0,0,9,11,0,6,12,0,0,0,0,0
OTU_784,0,0,0,0,0,0,0,0,0,0,0,669,0,0,0,0,0,0,0,350
OTU_785,0,0,0,0,0,0,0,0,2,1,0,0,0,0,0,0,2,0,0,0
OTU_786,0,0,0,0,0,0,0,0,0,0,40,4,0,0,0,0,0,0,0,0
OTU_787,0,0,0,0,0,0,0,81,0,1,0,0,0,0,0,0,0,0,0,0
OTU_788,0,0,9,1,939,0,0,0,0,0,0,0,0,0,0,0,0,0,0,0
OTU_789,0,0,0,0,0,0,17,0,0,0,0,0,0,0,0,0,0,0,0,0
OTU_79,46,9,44,3,37,159,84,202,167,55,0,0,0,0,0,0,0,0,0,0
OTU_790,0,0,0,0,0,0,0,0,0,0,0,0,43,32,32,0,0,0,0,0
OTU_791,22,1,3,0,0,0,0,0,0,0,0,0,0,0,0,0,0,0,0,0
OTU_792,0,0,0,29,14,0,2,1,0,6,0,0,0,0,0,0,0,0,0,0
OTU_793,0,0,0,46,0,0,0,0,0,0,0,0,0,0,0,0,0,0,0,0
OTU_794,0,0,0,0,0,0,0,0,0,3,0,0,0,0,0,0,0,0,0,0
OTU_795,0,27,1,0,0,0,0,0,0,0,0,0,0,0,0,0,0,0,0,0
OTU_796,5,0,14,0,0,0,0,0,0,0,0,0,0,0,0,0,0,0,0,0
OTU_797,7,16,7,19,0,153,37,259,266,60,0,0,12,0,9,0,0,2,0,53
OTU_798,0,0,0,0,0,0,23,0,0,0,0,0,0,0,0,0,0,0,0,0
OTU_799,0,0,0,0,0,0,0,273,0,0,0,0,0,0,0,0,0,0,0,0
OTU_8,0,0,0,0,2,1721,0,0,0,4,236,41,163,41,180,86,17732,16,6635,6
OTU_80,62,832,61,1124,928,0,0,16,34,309,0,0,0,0,0,0,0,0,0,0
OTU_800,0,0,0,0,0,0,0,0,0,0,3,0,0,0,0,0,2,0,0,8
OTU_801,0,0,0,0,0,0,0,0,0,0,0,0,0,0,0,0,9,0,0,2
OTU_802,0,0,0,0,0,0,1,0,0,1,0,2,0,3,1,1,1,0,14,1
OTU_803,0,0,0,0,0,0,0,0,0,0,0,0,0,0,0,0,81,0,0,0
OTU_804,0,0,0,0,0,0,0,0,0,0,0,190,0,0,0,0,0,0,0,0
OTU_805,0,0,0,0,0,0,0,0,4,0,0,0,0,0,0,0,0,0,0,0
OTU_806,0,0,0,0,0,0,0,0,0,0,0,0,4,0,24,0,0,0,0,0
OTU_807,0,0,0,0,0,0,0,8,0,0,0,0,0,0,0,0,0,0,0,0
OTU_808,0,0,0,0,0,0,0,0,0,0,1,0,0,0,0,0,13,0,0,7
OTU_809,0,0,0,0,0,0,0,0,0,0,0,0,0,0,0,0,1,0,2,0
OTU_81,210,910,336,2383,4352,0,0,0,0,0,0,0,0,0,0,0,0,0,0,0
OTU_810,0,0,0,0,2,2,1,5,10,0,0,0,0,0,0,0,0,1,0,0
OTU_811,0,0,0,1,1,0,0,0,0,8,0,0,0,0,0,0,0,0,0,0
OTU_812,0,0,0,0,0,0,0,0,0,285,0,0,0,0,0,0,0,0,0,0
OTU_813,0,0,0,0,0,0,0,0,0,0,0,0,0,7,0,0,0,1,13,0
OTU_814,0,0,0,0,0,0,0,0,0,0,0,0,0,0,3,0,0,0,0,0
OTU_815,0,0,0,0,0,0,0,0,0,0,0,30,0,0,11,0,0,0,0,0
OTU_816,0,0,0,15,0,0,0,0,0,0,0,0,0,0,0,0,0,0,0,0
OTU_817,0,0,0,0,0,0,0,0,12,0,0,0,0,0,0,0,0,0,0,0
OTU_818,0,0,0,0,0,0,0,0,0,0,0,0,0,0,0,0,9,0,0,1
OTU_819,0,0,0,1,10,0,0,0,0,0,0,0,0,0,0,0,0,0,0,0
OTU_82,0,0,0,0,0,0,0,0,0,0,17,324,33,20,19,22,18,14,0,0
OTU_820,0,3,0,35,0,0,0,0,0,0,0,0,0,0,0,0,0,0,0,0
OTU_821,0,0,0,0,0,0,0,5,0,0,0,0,0,0,0,0,0,0,0,0
OTU_822,0,0,2,4,0,7,1,0,0,1,0,0,0,0,0,0,0,0,0,1
OTU_823,0,0,0,0,0,0,0,0,0,0,1,3,5,6,1,0,0,7,4,3
OTU_824,0,0,0,0,0,0,0,0,0,0,1,0,0,0,0,0,6,0,0,1
OTU_825,0,0,0,0,0,37,0,48,0,0,0,0,0,0,0,0,0,0,0,0
OTU_826,0,0,0,0,0,0,0,0,0,0,2,0,4,0,6,0,1,0,0,0
OTU_827,0,0,0,0,0,0,0,0,0,0,0,0,0,0,14,0,3,0,0,0
OTU_828,0,0,0,0,0,0,0,0,0,0,0,0,0,0,0,0,22,0,0,1
OTU_829,0,0,0,0,0,0,0,0,0,6,0,0,0,0,0,0,0,0,0,0
OTU_83,0,1004,2,0,0,0,32,0,0,0,0,0,0,0,0,0,0,0,0,0
OTU_830,12,0,12,0,0,4,0,26,7,12,0,0,0,0,0,0,0,0,0,0
OTU_831,0,0,1,0,75,0,0,0,0,0,0,0,0,0,0,0,0,0,0,0
OTU_832,102,0,111,0,0,7,0,0,0,0,0,0,0,0,0,0,0,0,0,0
OTU_833,0,0,0,0,0,0,0,3,0,0,0,219,0,0,0,0,0,0,0,0
OTU_834,0,0,0,0,0,0,0,0,0,0,0,0,0,0,0,0,1,0,17,0
OTU_835,0,0,0,0,0,0,0,0,0,0,0,0,0,0,0,0,0,0,25,0
OTU_836,9,0,0,0,0,5,0,0,0,0,0,0,0,0,0,0,0,0,0,0
OTU_837,0,0,0,0,0,0,0,0,0,0,0,0,0,0,0,0,9,0,0,0
OTU_838,0,0,0,0,0,0,0,0,0,0,1,0,0,0,1,0,23,0,0,18
OTU_839,3,0,0,0,0,3,0,0,0,0,0,0,4,39,19,2,0,0,0,0
OTU_84,18,164,25,820,1469,0,0,0,50,0,0,0,0,0,0,0,0,0,0,0
OTU_840,9,0,1,0,0,12,1,0,1,0,0,1,0,17,14,2,0,1,14,0
OTU_841,0,0,0,0,0,0,0,0,0,0,0,0,0,0,0,0,12,0,0,10
OTU_842,0,0,0,0,137,0,0,0,0,0,0,0,0,0,0,0,0,0,0,0
OTU_843,0,0,0,0,0,0,0,0,0,0,1,0,6,9,13,0,20,0,0,0
OTU_844,0,0,0,0,0,3,0,6,0,0,0,0,0,0,0,12,0,53,0,0
OTU_845,0,0,0,0,0,0,1,24,0,3,0,0,0,0,0,0,0,0,0,0
OTU_846,0,0,0,0,0,0,0,0,0,49,0,0,0,0,0,0,0,0,0,0
OTU_847,0,0,0,0,0,0,0,0,0,0,0,1,0,0,0,0,7,0,1,0
OTU_848,0,0,0,0,0,17,3,5,9,5,0,0,0,0,0,0,0,0,1,0
OTU_849,0,0,0,0,0,0,0,0,81,0,0,0,0,0,0,0,0,0,0,0
OTU_85,830,1419,938,0,0,0,0,0,0,0,0,0,0,0,0,0,0,0,0,0
OTU_850,10,0,0,0,0,0,0,0,0,0,0,0,0,0,0,0,0,0,0,0
OTU_851,0,0,0,0,0,0,0,0,0,0,0,0,0,9,2,2,0,0,0,0
OTU_852,0,0,0,0,0,26,0,0,0,0,0,0,0,0,0,0,0,0,0,0
OTU_853,193,41,241,1498,1704,0,1,0,267,21,0,0,0,0,0,0,0,1,0,0
OTU_854,0,0,0,0,0,10,4,0,0,0,0,48,0,0,0,1,1,0,9,1
OTU_855,0,0,0,0,0,0,0,0,0,0,2,0,0,0,0,0,11,0,0,6
OTU_856,0,0,0,0,0,5,0,0,0,2,4,3,16,9,5,4,1,4,4,6
OTU_857,0,0,1,39,0,0,0,0,0,0,0,0,0,0,0,0,0,0,0,0
OTU_858,0,0,0,0,0,0,0,0,0,0,0,0,0,0,0,0,10,0,0,4
OTU_859,0,0,0,0,0,0,7,19,0,0,0,0,0,0,0,0,0,0,0,0
OTU_86,0,0,0,0,0,4,0,1,0,0,0,1,322,153,542,178,65,0,19,0
OTU_860,0,0,0,0,0,0,0,21,0,0,0,0,0,0,0,0,0,0,0,0
OTU_861,0,0,0,13,1,0,9,2,1,12,0,0,0,0,0,0,0,0,0,0
OTU_862,0,0,0,0,0,0,0,0,0,0,0,0,0,9,0,0,0,0,0,0
OTU_863,0,0,0,0,0,0,0,0,0,0,0,0,29,0,0,0,0,0,0,0
OTU_864,0,1,0,6,6,0,1,0,2,3,0,0,0,0,0,0,0,0,0,0
OTU_865,0,0,0,0,0,0,0,0,0,0,0,0,0,13,0,0,0,0,0,0
OTU_866,0,0,0,0,0,0,0,0,0,0,0,0,0,11,0,0,0,0,0,0
OTU_867,0,0,0,0,0,0,0,0,0,0,0,1,0,0,0,0,7,0,0,0
OTU_868,0,0,0,0,49,0,0,0,0,0,0,0,0,0,0,0,0,0,0,0
OTU_869,0,0,0,0,0,0,0,0,0,0,0,0,0,0,0,0,1,0,0,6
OTU_87,0,0,0,0,0,0,0,0,0,0,0,53,0,0,0,0,128,0,17,0
OTU_870,0,0,0,0,0,0,0,0,0,0,0,0,0,0,2,0,4,0,0,0
OTU_871,0,0,0,0,0,0,0,0,0,0,0,0,1,0,6,0,3,0,0,0
OTU_872,0,0,0,0,0,0,0,0,0,0,0,0,0,0,1,0,3,0,0,0
OTU_873,0,0,0,0,0,0,0,0,0,0,0,1,13,0,3,0,5,0,0,0
OTU_874,0,0,0,0,0,0,0,0,0,0,0,0,57,0,0,0,0,0,0,0
OTU_875,0,0,0,18,0,0,0,0,0,0,0,0,0,0,0,0,0,0,0,0
OTU_876,0,0,0,0,0,0,0,0,0,0,0,0,0,0,0,0,0,0,4,0
OTU_877,0,0,0,0,0,0,0,0,277,0,0,0,0,0,0,0,0,0,0,0
OTU_878,18,0,0,202,1,0,0,0,0,0,0,0,0,1,0,0,0,0,0,0
OTU_879,0,0,0,0,0,0,0,0,0,0,0,0,0,0,1,0,9,1,0,0
OTU_88,103,540,104,0,0,0,0,0,0,0,0,0,0,0,0,0,0,0,0,0
OTU_880,0,0,0,14,0,0,0,0,0,0,0,0,0,0,0,0,0,0,0,0
OTU_881,0,0,0,0,0,0,0,0,0,0,0,0,0,6,0,0,1,0,0,0
OTU_882,0,0,0,0,0,0,0,0,11,0,0,0,0,0,0,0,0,0,0,0
OTU_883,0,0,0,0,0,0,0,0,0,0,0,0,0,0,0,26,34,0,0,0
OTU_884,25,3,26,5,0,0,17,106,32,1,0,0,0,0,0,0,1,0,0,0
OTU_885,0,0,0,0,0,0,0,0,0,0,0,0,0,21,0,0,0,0,0,0
OTU_886,0,0,0,27,42,0,3,0,0,32,0,0,0,0,0,0,0,0,0,0
OTU_887,0,0,0,0,0,0,0,0,0,0,0,0,0,12,7,0,6,0,0,0
OTU_888,0,0,0,0,0,0,0,89,0,0,0,0,0,0,0,0,0,0,0,0
OTU_889,0,0,0,0,0,0,9,0,0,7,0,0,0,0,0,0,0,0,0,0
OTU_89,0,640,0,0,0,0,13,0,0,0,0,0,0,0,0,0,0,0,0,0
OTU_890,0,0,0,0,0,0,0,0,0,0,2,0,0,4,2,0,0,0,0,0
OTU_891,0,0,0,0,1,0,0,0,0,0,0,0,0,0,0,0,0,0,174,0
OTU_892,0,0,1,0,0,21,0,4,0,0,0,1,0,0,0,0,0,0,0,0
OTU_893,3,0,3,0,0,0,0,0,0,0,0,0,0,0,0,0,0,0,0,0
OTU_894,0,0,0,0,0,0,0,0,0,0,0,87,0,0,0,0,0,0,0,0
OTU_895,0,0,0,0,0,0,3,0,1,2,4,3,2,12,4,3,0,1,10,1
OTU_896,1,172,4,12,114,0,0,0,0,0,0,0,0,0,0,0,0,0,0,0
OTU_897,0,0,0,0,11,0,0,0,0,1,0,0,0,0,0,0,0,0,0,0
OTU_898,30,0,32,73,5749,0,0,0,0,3,0,0,0,0,0,0,0,0,0,0
OTU_899,6,0,1,0,0,8,0,0,5,0,0,0,0,0,0,0,0,0,0,0
OTU_9,24,14,25,4554,3562,0,0,0,24,0,0,0,0,0,0,0,0,0,0,0
OTU_90,1261,275,1068,176,160,8533,3117,7884,8834,1962,10,122,451,65,577,2,20,75,38,3278
OTU_900,0,0,0,0,1,0,12,0,0,0,0,0,0,0,0,0,0,0,0,1
OTU_901,0,0,0,0,0,0,0,0,1810,0,0,0,0,0,0,0,0,0,0,0
OTU_902,0,0,0,0,0,0,0,0,0,0,0,0,17,0,0,0,7,0,0,4
OTU_903,0,30,1,0,0,0,0,0,0,0,0,0,0,0,0,0,0,0,0,0
OTU_904,0,0,0,0,0,0,0,0,0,0,2,0,0,0,0,0,7,0,0,0
OTU_905,0,0,0,31,0,0,0,0,0,0,0,0,0,0,0,0,0,0,0,0
OTU_906,0,0,0,0,0,0,0,0,3,0,0,0,0,0,0,0,0,0,0,0
OTU_907,0,0,0,0,0,0,0,0,0,0,0,0,0,0,0,0,0,44,0,0
OTU_908,0,0,0,17,0,0,0,0,0,0,0,0,0,0,0,0,0,0,0,0
OTU_909,1,0,0,0,0,0,0,0,81,0,0,0,0,0,0,0,0,0,0,0
OTU_91,0,0,0,0,0,45,0,10,0,0,242,82,117,150,166,4,1184,3,556,18
OTU_910,0,0,0,0,0,0,0,0,0,0,0,0,0,0,0,0,10,0,0,0
OTU_911,0,0,0,0,0,1,0,0,0,0,0,0,2,0,0,0,35,27,0,0
OTU_912,0,0,0,0,0,0,0,172,0,0,0,0,0,0,0,0,0,0,0,0
OTU_913,0,0,0,1,3,3,0,15,0,3,0,0,0,0,0,0,0,0,0,0
OTU_914,0,0,0,0,0,0,0,0,0,0,0,0,0,0,0,0,79,0,0,0
OTU_915,0,0,0,0,0,0,0,0,14,0,0,0,0,0,0,0,0,0,0,0
OTU_916,0,0,0,0,0,0,0,0,0,0,0,6,0,0,0,0,0,0,0,0
OTU_917,0,0,0,0,0,0,0,0,0,0,0,0,0,0,0,0,0,0,15,0
OTU_918,0,0,0,0,0,6,0,0,0,0,0,0,0,0,0,0,0,0,0,0
OTU_919,31,0,29,0,0,0,0,0,0,0,0,0,0,0,0,0,0,0,0,0
OTU_92,1759,193,1653,727,194,4123,320,3625,2275,461,851,3506,685,852,677,36,114,880,474,1394
OTU_920,0,0,0,0,0,0,0,0,0,0,0,0,26,0,0,0,0,0,0,0
OTU_921,0,0,0,0,0,0,12,0,0,0,0,0,0,0,0,0,0,0,0,0
OTU_922,0,0,2,34,13,1,4,1,7,7,0,0,0,0,0,0,0,0,0,0
OTU_923,0,0,0,0,0,0,0,0,0,50,0,0,0,0,0,0,0,0,0,0
OTU_924,0,0,1,0,0,8,0,0,3,2,0,1,15,1,0,0,0,0,0,3
OTU_925,0,0,0,0,0,0,0,0,0,0,0,1152,0,0,0,0,0,0,0,0
OTU_926,0,0,0,0,0,0,0,0,0,0,0,0,0,0,0,0,5,0,0,0
OTU_927,0,0,0,0,0,0,30,0,0,0,0,0,0,0,0,0,0,0,0,0
OTU_928,0,0,0,0,0,0,0,0,0,0,0,0,0,0,0,11,0,0,0,0
OTU_929,0,0,0,0,0,0,0,0,0,0,0,0,0,0,0,0,0,0,4,0
OTU_93,161,1,174,168,155,0,0,0,0,194,0,0,0,0,0,0,0,0,0,0
OTU_930,0,0,0,0,0,0,0,0,4,0,0,0,0,0,0,0,0,0,0,0
OTU_931,0,0,0,0,0,0,14,0,0,0,0,0,0,0,0,0,0,0,0,0
OTU_932,0,0,0,0,0,22,0,0,0,0,0,1,0,0,0,0,0,0,0,0
OTU_933,0,0,0,0,0,0,0,0,0,0,0,0,17,0,19,0,0,0,0,0
OTU_934,0,0,0,0,0,0,0,0,0,0,0,6,0,0,0,0,0,0,0,0
OTU_935,0,0,0,0,0,0,0,0,0,0,0,0,0,0,0,0,0,54,0,0
OTU_936,0,0,0,0,0,0,2,0,0,0,0,0,0,0,0,0,0,0,24,0
OTU_937,0,0,0,0,0,0,0,0,0,1,0,4,0,2,4,1,0,2,9,3
OTU_938,0,0,0,0,0,0,0,0,19,0,0,0,0,0,0,0,0,0,0,0
OTU_939,0,0,0,0,0,0,0,0,0,0,0,0,17,0,1,0,0,0,0,0
OTU_94,395,424,359,0,0,0,0,0,0,0,0,0,0,0,0,0,0,0,0,0
OTU_940,0,0,0,0,0,0,2,0,0,0,0,0,0,0,0,0,0,13,0,0
OTU_941,0,0,0,0,0,4,0,0,0,0,0,0,0,0,0,0,0,10,0,0
OTU_942,0,0,2,4,106,0,0,0,0,0,0,0,0,0,0,0,0,0,0,0
OTU_943,16,0,3,0,0,0,0,0,0,0,0,0,0,0,0,0,0,0,0,0
OTU_944,0,0,0,0,0,0,0,0,0,0,13,0,1,0,3,0,95,0,0,86
OTU_945,0,0,0,7,1,0,0,0,0,0,0,0,0,0,0,0,0,0,0,0
OTU_946,0,0,0,0,0,0,0,0,0,8,0,0,0,0,0,0,0,0,0,0
OTU_947,14,0,9,0,0,0,0,0,0,0,0,0,0,0,0,0,0,0,0,0
OTU_948,0,0,0,674,0,0,1,0,0,0,0,0,0,0,0,0,0,0,0,0
OTU_949,0,0,0,0,0,0,0,0,3,0,0,0,0,0,0,0,0,0,0,0
OTU_95,9,29,27,103,26,441,38,284,60,84,1499,1209,416,483,405,214,215,114,155,0
OTU_950,0,0,0,0,0,0,0,0,0,0,0,0,0,6,1,8,0,0,0,0
OTU_951,0,0,0,0,0,0,0,0,0,0,1,0,0,0,0,0,7,0,0,8
OTU_952,0,0,0,0,0,0,0,0,0,0,0,0,0,0,0,0,0,0,0,938
OTU_953,0,0,0,0,0,0,0,0,0,0,0,0,0,0,0,0,46,0,0,0
OTU_954,0,0,0,0,29,0,0,1,0,0,0,0,0,0,0,0,0,0,0,0
OTU_955,0,0,0,0,0,0,0,0,0,0,31,0,40,0,8,0,139,0,0,156
OTU_956,0,0,0,0,0,0,0,0,0,0,1,0,0,0,0,0,5,0,0,4
OTU_957,0,0,0,0,0,0,0,0,0,0,3,1,16,0,10,0,9,0,0,0
OTU_958,0,11,0,0,0,0,0,0,0,0,0,0,0,0,0,0,0,0,0,0
OTU_959,0,0,0,0,0,0,0,0,0,0,0,0,0,0,3,0,4,0,0,0
OTU_96,34,0,35,0,0,0,47,1,98,247,0,0,0,0,0,0,0,0,0,0
OTU_960,0,0,0,0,0,0,0,0,0,0,3,0,0,0,1,0,12,0,0,8
OTU_961,0,0,0,0,0,0,0,8,0,4,0,0,0,0,0,0,0,0,4,0
OTU_962,0,0,0,0,0,0,0,0,0,0,0,0,0,0,0,0,0,70,0,0
OTU_963,0,0,0,0,0,0,0,0,0,0,69,0,30,0,14,0,234,0,0,237
OTU_964,0,0,0,0,0,92,0,0,0,0,0,0,0,0,0,0,0,0,0,0
OTU_965,0,0,0,0,0,0,32,0,0,0,0,0,0,0,0,0,0,0,0,0
OTU_966,0,0,0,0,0,0,0,0,0,61,0,0,0,0,0,0,0,0,0,0
OTU_967,0,0,0,0,52,0,0,0,0,0,0,0,0,0,0,0,0,0,0,0
OTU_968,0,0,0,0,0,9,155,0,0,1,0,0,0,0,0,0,0,0,0,0
OTU_969,0,0,0,0,0,0,81,0,0,0,0,0,0,0,0,0,0,0,0,0
OTU_97,183,31,200,239,219,629,1104,805,585,943,39,185,138,39,74,252,949,314,230,29
OTU_970,0,0,0,0,0,0,0,0,0,6,0,0,0,0,0,0,0,0,0,0
OTU_971,0,0,0,0,0,0,0,0,0,0,0,0,0,0,0,0,0,0,0,6
OTU_972,0,0,0,0,0,0,40,0,0,0,0,0,0,0,0,0,0,1,0,0
OTU_973,0,0,0,0,0,0,0,0,0,67,0,0,0,0,0,0,0,0,0,0
OTU_974,0,0,0,0,0,0,0,0,0,0,0,0,0,0,0,0,0,313,0,0
OTU_975,0,0,0,0,0,0,0,0,5,0,0,0,0,0,0,0,0,0,0,0
OTU_976,0,0,0,0,0,0,0,0,0,79,0,0,0,0,0,0,0,0,0,0
OTU_977,0,0,0,0,0,0,0,124,0,0,0,0,0,0,0,0,0,0,0,0
OTU_978,16,0,10,0,0,0,0,0,0,0,0,0,0,0,0,0,0,0,0,0
OTU_979,16,0,2,0,0,0,0,0,0,0,0,0,0,0,0,0,0,0,0,0
OTU_98,221,477,299,0,0,0,0,0,0,0,0,0,0,0,0,0,0,0,0,0
OTU_980,0,0,0,0,0,0,101,0,0,0,0,0,0,0,0,0,0,0,0,0
OTU_981,0,0,0,0,0,0,0,0,7,0,0,0,0,0,0,0,0,0,0,0
OTU_982,0,0,0,0,0,0,7,0,0,0,0,0,0,0,0,0,0,0,0,0
OTU_983,0,0,0,0,0,0,0,0,0,0,0,32,0,0,0,0,0,0,0,0
OTU_984,0,0,0,0,0,0,0,0,0,0,0,1,0,0,0,0,6,0,0,0
OTU_985,0,0,0,0,0,0,98,0,0,0,0,0,0,0,0,0,0,0,0,0
OTU_986,0,0,0,0,0,0,56,0,0,0,0,0,0,0,0,0,0,0,0,0
OTU_987,0,0,0,0,0,0,0,0,33,0,0,0,0,0,0,0,0,0,0,0
OTU_988,27,0,16,0,0,0,0,0,0,0,0,0,0,0,0,0,0,0,0,0
OTU_989,0,0,0,0,1,2,0,7,9,0,0,0,0,0,0,0,0,0,0,0
OTU_99,0,0,0,0,0,0,0,2,0,0,945,6,0,6,2,7,153,53,189,1314
OTU_990,0,0,0,0,0,0,0,0,0,4,0,0,0,0,0,105,7,2,2,0
OTU_991,0,0,0,0,0,0,34,0,0,0,0,0,0,0,0,0,0,0,0,0
OTU_992,0,0,0,0,0,0,0,0,0,0,0,0,0,0,0,0,0,0,33,0
OTU_993,112,0,169,2,1,0,0,0,2,0,0,0,0,0,0,0,0,0,0,0
OTU_994,0,0,0,0,0,0,0,0,0,0,0,0,0,0,0,0,0,0,0,103
OTU_995,0,0,0,0,0,0,0,0,0,30,0,0,0,0,0,0,0,0,0,0
OTU_996,0,0,0,0,0,126,0,0,0,0,0,0,0,0,0,0,0,0,0,0
OTU_997,0,0,0,0,0,0,0,0,0,0,0,0,0,0,0,94,0,0,0,0
OTU_998,0,0,0,14,11,0,0,0,4,9,0,0,0,0,0,0,0,0,0,0
OTU_999,0,0,0,0,0,26,0,0,0,0,0,0,0,0,0,0,0,0,0,0
